time,actual_call,actual_sla_v,actual_agent,predicted_agent,predicted_call
2019-06-10 23:30:00,3,3,,9,27
2019-06-11 00:00:00,12,12,,11,34
2019-06-11 00:30:00,12,12,,11,30
2019-06-11 01:00:00,8,8,,7,16
2019-06-11 01:30:00,6,6,,5,9
2019-06-11 02:00:00,8,8,,4,7
2019-06-11 02:30:00,3,3,,4,5
2019-06-11 03:00:00,0,0,,3,3
2019-06-11 03:30:00,1,1,,3,3
2019-06-11 04:00:00,2,2,,3,3
2019-06-11 04:30:00,1,1,,3,3
2019-06-11 05:00:00,3,3,,3,3
2019-06-11 05:30:00,4,4,,4,5
2019-06-11 06:00:00,9,9,,4,8
2019-06-11 06:30:00,11,11,,8,19
2019-06-11 07:00:00,19,19,,12,35
2019-06-11 07:30:00,32,32,,16,55
2019-06-11 08:00:00,92,92,,29,122
2019-06-11 08:30:00,162,162,,48,212
2019-06-11 09:00:00,228,228,,61,281
2019-06-11 09:30:00,217,217,,71,325
2019-06-11 10:00:00,214,214,,72,332
2019-06-11 10:30:00,219,219,,72,338
2019-06-11 11:00:00,217,217,,80,374
2019-06-11 11:30:00,230,230,,75,348
2019-06-11 12:00:00,216,216,,67,310
2019-06-11 12:30:00,186,186,,65,299
2019-06-11 13:00:00,240,240,,69,318
2019-06-11 13:30:00,213,213,,69,318
2019-06-11 14:00:00,212,212,,68,313
2019-06-11 14:30:00,220,220,,64,297
2019-06-11 15:00:00,253,253,,65,300
2019-06-11 15:30:00,229,229,,61,282
2019-06-11 16:00:00,219,219,,61,277
2019-06-11 16:30:00,209,209,,56,255
2019-06-11 17:00:00,198,90,,53,240
2019-06-11 17:30:00,165,148,,49,218
2019-06-11 18:00:00,144,118,,43,187
2019-06-11 18:30:00,135,98,,36,155
2019-06-11 19:00:00,127,21,,33,142
2019-06-11 19:30:00,112,64,,32,132
2019-06-11 20:00:00,148,0,,32,131
2019-06-11 20:30:00,101,46,,29,121
2019-06-11 21:00:00,107,17,,27,108
2019-06-11 21:30:00,64,53,,23,84
2019-06-11 22:00:00,46,46,,19,66
2019-06-11 22:30:00,41,41,,15,50
2019-06-11 23:00:00,20,20,,12,40
2019-06-11 23:30:00,22,21,,9,27
2019-06-12 00:00:00,23,23,,11,34
2019-06-12 00:30:00,11,11,,11,30
2019-06-12 01:00:00,13,13,,7,16
2019-06-12 01:30:00,2,2,,5,9
2019-06-12 02:00:00,6,6,,4,7
2019-06-12 02:30:00,1,1,,4,5
2019-06-12 03:00:00,1,1,,3,3
2019-06-12 03:30:00,2,2,,3,3
2019-06-12 04:00:00,1,1,,3,3
2019-06-12 04:30:00,3,3,,3,3
2019-06-12 05:00:00,1,1,,3,3
2019-06-12 05:30:00,1,1,,4,5
2019-06-12 06:00:00,8,8,,4,8
2019-06-12 06:30:00,17,17,,8,19
2019-06-12 07:00:00,24,24,,12,35
2019-06-12 07:30:00,34,34,,16,55
2019-06-12 08:00:00,82,82,,29,122
2019-06-12 08:30:00,134,134,,48,212
2019-06-12 09:00:00,204,204,,61,281
2019-06-12 09:30:00,238,238,,71,325
2019-06-12 10:00:00,230,230,,72,332
2019-06-12 10:30:00,247,225,,72,338
2019-06-12 11:00:00,274,209,,80,374
2019-06-12 11:30:00,244,198,,75,348
2019-06-12 12:00:00,230,224,,67,310
2019-06-12 12:30:00,205,205,,65,299
2019-06-12 13:00:00,205,205,,69,318
2019-06-12 13:30:00,222,222,,69,318
2019-06-12 14:00:00,205,205,,68,313
2019-06-12 14:30:00,214,214,,64,297
2019-06-12 15:00:00,188,188,,65,300
2019-06-12 15:30:00,216,216,,61,282
2019-06-12 16:00:00,213,213,,61,277
2019-06-12 16:30:00,198,198,,56,255
2019-06-12 17:00:00,198,111,,53,240
2019-06-12 17:30:00,174,89,,49,218
2019-06-12 18:00:00,153,115,,43,187
2019-06-12 18:30:00,135,124,,36,155
2019-06-12 19:00:00,95,95,,33,142
2019-06-12 19:30:00,109,95,,32,132
2019-06-12 20:00:00,105,75,,32,131
2019-06-12 20:30:00,82,82,,29,121
2019-06-12 21:00:00,69,68,,27,108
2019-06-12 21:30:00,59,59,,23,84
2019-06-12 22:00:00,49,35,,19,66
2019-06-12 22:30:00,37,37,,15,50
2019-06-12 23:00:00,29,24,,12,40
2019-06-12 23:30:00,14,12,,9,27
2019-06-13 00:00:00,22,15,,11,34
2019-06-13 00:30:00,7,7,,11,30
2019-06-13 01:00:00,11,11,,7,16
2019-06-13 01:30:00,2,2,,5,9
2019-06-13 02:00:00,8,8,,4,7
2019-06-13 02:30:00,6,6,,4,5
2019-06-13 03:00:00,0,0,,3,3
2019-06-13 03:30:00,2,2,,3,3
2019-06-13 04:00:00,5,5,,3,3
2019-06-13 04:30:00,3,3,,3,3
2019-06-13 05:00:00,1,1,,3,3
2019-06-13 05:30:00,3,3,,4,5
2019-06-13 06:00:00,7,7,,4,8
2019-06-13 06:30:00,12,12,,8,19
2019-06-13 07:00:00,15,15,,12,35
2019-06-13 07:30:00,33,33,,16,55
2019-06-13 08:00:00,76,76,,29,122
2019-06-13 08:30:00,140,140,,48,212
2019-06-13 09:00:00,199,199,,61,281
2019-06-13 09:30:00,231,229,,71,325
2019-06-13 10:00:00,230,207,,72,332
2019-06-13 10:30:00,223,222,,72,338
2019-06-13 11:00:00,219,219,,80,374
2019-06-13 11:30:00,233,226,,75,348
2019-06-13 12:00:00,215,215,,67,310
2019-06-13 12:30:00,197,197,,65,299
2019-06-13 13:00:00,265,196,,69,318
2019-06-13 13:30:00,243,238,,69,318
2019-06-13 14:00:00,266,266,,68,313
2019-06-13 14:30:00,218,218,,64,297
2019-06-13 15:00:00,197,197,,65,300
2019-06-13 15:30:00,215,215,,61,282
2019-06-13 16:00:00,199,191,,61,277
2019-06-13 16:30:00,175,175,,56,255
2019-06-13 17:00:00,173,173,,53,240
2019-06-13 17:30:00,139,139,,49,218
2019-06-13 18:00:00,136,136,,43,187
2019-06-13 18:30:00,127,127,,36,155
2019-06-13 19:00:00,93,93,,33,142
2019-06-13 19:30:00,112,69,,32,132
2019-06-13 20:00:00,90,90,,32,131
2019-06-13 20:30:00,102,102,,29,121
2019-06-13 21:00:00,86,80,,27,108
2019-06-13 21:30:00,91,91,,23,84
2019-06-13 22:00:00,46,46,,19,66
2019-06-13 22:30:00,36,36,,15,50
2019-06-13 23:00:00,22,22,,12,40
2019-06-13 23:30:00,14,14,,9,27
2019-06-14 00:00:00,27,27,,11,34
2019-06-14 00:30:00,16,16,,11,30
2019-06-14 01:00:00,14,14,,7,16
2019-06-14 01:30:00,5,5,,5,9
2019-06-14 02:00:00,2,2,,4,7
2019-06-14 02:30:00,1,1,,4,5
2019-06-14 03:00:00,1,1,,3,3
2019-06-14 03:30:00,2,2,,3,3
2019-06-14 04:00:00,2,2,,3,3
2019-06-14 04:30:00,1,1,,3,3
2019-06-14 05:00:00,1,1,,3,3
2019-06-14 05:30:00,2,2,,4,5
2019-06-14 06:00:00,8,8,,4,8
2019-06-14 06:30:00,11,11,,8,19
2019-06-14 07:00:00,27,27,,12,35
2019-06-14 07:30:00,35,35,,16,55
2019-06-14 08:00:00,78,78,,29,122
2019-06-14 08:30:00,137,137,,48,212
2019-06-14 09:00:00,208,208,,61,281
2019-06-14 09:30:00,238,238,,71,325
2019-06-14 10:00:00,233,233,,72,332
2019-06-14 10:30:00,192,192,,72,338
2019-06-14 11:00:00,210,210,,80,374
2019-06-14 11:30:00,208,208,,75,348
2019-06-14 12:00:00,218,218,,67,310
2019-06-14 12:30:00,187,187,,65,299
2019-06-14 13:00:00,191,191,,69,318
2019-06-14 13:30:00,213,213,,69,318
2019-06-14 14:00:00,190,190,,68,313
2019-06-14 14:30:00,178,178,,64,297
2019-06-14 15:00:00,186,186,,65,300
2019-06-14 15:30:00,180,180,,61,282
2019-06-14 16:00:00,175,175,,61,277
2019-06-14 16:30:00,164,164,,56,255
2019-06-14 17:00:00,187,155,,53,240
2019-06-14 17:30:00,129,129,,49,218
2019-06-14 18:00:00,126,126,,43,187
2019-06-14 18:30:00,122,122,,36,155
2019-06-14 19:00:00,99,63,,33,142
2019-06-14 19:30:00,98,38,,32,132
2019-06-14 20:00:00,88,15,,32,131
2019-06-14 20:30:00,66,40,,29,121
2019-06-14 21:00:00,67,28,,27,108
2019-06-14 21:30:00,64,39,,23,84
2019-06-14 22:00:00,40,34,,19,66
2019-06-14 22:30:00,28,28,,15,50
2019-06-14 23:00:00,28,28,,12,40
2019-06-14 23:30:00,16,16,,9,27
2019-06-15 00:00:00,14,14,,8,21
2019-06-15 00:30:00,18,18,,5,13
2019-06-15 01:00:00,8,8,,5,10
2019-06-15 01:30:00,6,6,,4,6
2019-06-15 02:00:00,3,3,,4,6
2019-06-15 02:30:00,4,4,,4,4
2019-06-15 03:00:00,1,1,,3,2
2019-06-15 03:30:00,1,1,,3,2
2019-06-15 04:00:00,2,2,,3,2
2019-06-15 04:30:00,1,1,,3,2
2019-06-15 05:00:00,3,3,,4,4
2019-06-15 05:30:00,5,5,,4,4
2019-06-15 06:00:00,10,10,,3,3
2019-06-15 06:30:00,8,8,,7,18
2019-06-15 07:00:00,22,22,,8,20
2019-06-15 07:30:00,33,33,,12,39
2019-06-15 08:00:00,62,62,,17,63
2019-06-15 08:30:00,97,97,,27,104
2019-06-15 09:00:00,139,139,,40,171
2019-06-15 09:30:00,148,148,,47,204
2019-06-15 10:00:00,151,151,,47,204
2019-06-15 10:30:00,152,146,,49,216
2019-06-15 11:00:00,163,163,,49,219
2019-06-15 11:30:00,157,157,,47,207
2019-06-15 12:00:00,150,150,,48,211
2019-06-15 12:30:00,159,159,,47,208
2019-06-15 13:00:00,170,163,,48,209
2019-06-15 13:30:00,168,168,,45,200
2019-06-15 14:00:00,162,162,,44,193
2019-06-15 14:30:00,162,162,,41,179
2019-06-15 15:00:00,135,135,,47,205
2019-06-15 15:30:00,141,141,,44,194
2019-06-15 16:00:00,154,154,,45,197
2019-06-15 16:30:00,131,131,,41,180
2019-06-15 17:00:00,119,103,,39,164
2019-06-15 17:30:00,103,103,,36,149
2019-06-15 18:00:00,112,46,,29,122
2019-06-15 18:30:00,84,78,,25,102
2019-06-15 19:00:00,61,59,,25,97
2019-06-15 19:30:00,74,42,,23,84
2019-06-15 20:00:00,78,37,,19,71
2019-06-15 20:30:00,49,46,,21,78
2019-06-15 21:00:00,58,25,,19,71
2019-06-15 21:30:00,62,6,,17,59
2019-06-15 22:00:00,59,12,,15,51
2019-06-15 22:30:00,46,46,,12,37
2019-06-15 23:00:00,28,16,,12,37
2019-06-15 23:30:00,6,6,,13,43
2019-06-16 00:00:00,18,18,,9,28
2019-06-16 00:30:00,6,6,,9,26
2019-06-16 01:00:00,7,7,,5,13
2019-06-16 01:30:00,5,5,,5,9
2019-06-16 02:00:00,6,6,,4,4
2019-06-16 02:30:00,6,6,,3,3
2019-06-16 03:00:00,1,1,,4,4
2019-06-16 03:30:00,2,2,,3,2
2019-06-16 04:00:00,0,0,,3,3
2019-06-16 04:30:00,0,0,,4,5
2019-06-16 05:00:00,0,0,,3,2
2019-06-16 05:30:00,1,1,,4,4
2019-06-16 06:00:00,1,1,,4,7
2019-06-16 06:30:00,2,2,,5,13
2019-06-16 07:00:00,19,19,,8,21
2019-06-16 07:30:00,14,14,,11,30
2019-06-16 08:00:00,33,33,,17,59
2019-06-16 08:30:00,33,33,,23,88
2019-06-16 09:00:00,60,60,,33,136
2019-06-16 09:30:00,76,76,,33,141
2019-06-16 10:00:00,76,76,,39,166
2019-06-16 10:30:00,81,81,,41,176
2019-06-16 11:00:00,79,79,,41,177
2019-06-16 11:30:00,97,97,,39,167
2019-06-16 12:00:00,102,102,,40,171
2019-06-16 12:30:00,79,79,,37,156
2019-06-16 13:00:00,56,56,,36,153
2019-06-16 13:30:00,72,72,,33,139
2019-06-16 14:00:00,68,68,,33,140
2019-06-16 14:30:00,68,68,,35,148
2019-06-16 15:00:00,81,81,,33,142
2019-06-16 15:30:00,70,70,,35,147
2019-06-16 16:00:00,59,59,,39,162
2019-06-16 16:30:00,65,65,,32,134
2019-06-16 17:00:00,69,69,,32,134
2019-06-16 17:30:00,55,55,,29,117
2019-06-16 18:00:00,60,60,,25,103
2019-06-16 18:30:00,63,63,,23,90
2019-06-16 19:00:00,76,34,,21,82
2019-06-16 19:30:00,44,39,,23,90
2019-06-16 20:00:00,40,40,,24,91
2019-06-16 20:30:00,51,43,,21,83
2019-06-16 21:00:00,38,35,,20,72
2019-06-16 21:30:00,34,25,,16,58
2019-06-16 22:00:00,18,18,,16,57
2019-06-16 22:30:00,22,22,,16,58
2019-06-16 23:00:00,20,20,,15,50
2019-06-16 23:30:00,10,10,,9,28
2019-06-17 00:00:00,11,11,,11,34
2019-06-17 00:30:00,11,11,,11,30
2019-06-17 01:00:00,5,5,,7,16
2019-06-17 01:30:00,7,7,,5,9
2019-06-17 02:00:00,3,3,,4,7
2019-06-17 02:30:00,1,1,,4,5
2019-06-17 03:00:00,2,2,,3,3
2019-06-17 03:30:00,0,0,,3,3
2019-06-17 04:00:00,0,0,,3,3
2019-06-17 04:30:00,3,3,,3,3
2019-06-17 05:00:00,2,2,,3,3
2019-06-17 05:30:00,0,0,,4,5
2019-06-17 06:00:00,4,4,,4,8
2019-06-17 06:30:00,17,17,,8,19
2019-06-17 07:00:00,13,13,,12,35
2019-06-17 07:30:00,24,24,,16,55
2019-06-17 08:00:00,58,58,,29,122
2019-06-17 08:30:00,105,105,,48,212
2019-06-17 09:00:00,162,162,,61,281
2019-06-17 09:30:00,194,194,,71,325
2019-06-17 10:00:00,236,234,,72,332
2019-06-17 10:30:00,236,208,,72,338
2019-06-17 11:00:00,238,238,,80,374
2019-06-17 11:30:00,263,263,,75,348
2019-06-17 12:00:00,233,233,,67,310
2019-06-17 12:30:00,198,198,,65,299
2019-06-17 13:00:00,225,225,,69,318
2019-06-17 13:30:00,214,214,,69,318
2019-06-17 14:00:00,224,224,,68,313
2019-06-17 14:30:00,210,210,,64,297
2019-06-17 15:00:00,203,203,,65,300
2019-06-17 15:30:00,200,200,,61,282
2019-06-17 16:00:00,222,222,,61,277
2019-06-17 16:30:00,197,197,,56,255
2019-06-17 17:00:00,167,159,,53,240
2019-06-17 17:30:00,143,143,,49,218
2019-06-17 18:00:00,150,99,,43,187
2019-06-17 18:30:00,119,101,,36,155
2019-06-17 19:00:00,141,41,,33,142
2019-06-17 19:30:00,98,46,,32,132
2019-06-17 20:00:00,91,79,,32,131
2019-06-17 20:30:00,88,31,,29,121
2019-06-17 21:00:00,64,64,,27,108
2019-06-17 21:30:00,67,53,,23,84
2019-06-17 22:00:00,51,51,,19,66
2019-06-17 22:30:00,48,48,,15,50
2019-06-17 23:00:00,29,28,,12,40
2019-06-17 23:30:00,19,19,,9,27
2019-06-18 00:00:00,16,16,,11,34
2019-06-18 00:30:00,13,13,,11,30
2019-06-18 01:00:00,8,8,,7,16
2019-06-18 01:30:00,3,3,,5,9
2019-06-18 02:00:00,5,5,,4,7
2019-06-18 02:30:00,5,5,,4,5
2019-06-18 03:00:00,4,4,,3,3
2019-06-18 03:30:00,3,3,,3,3
2019-06-18 04:00:00,3,3,,3,3
2019-06-18 04:30:00,3,3,,3,3
2019-06-18 05:00:00,2,2,,3,3
2019-06-18 05:30:00,3,3,,4,5
2019-06-18 06:00:00,6,6,,4,8
2019-06-18 06:30:00,22,21,,8,19
2019-06-18 07:00:00,28,28,,12,35
2019-06-18 07:30:00,24,24,,16,55
2019-06-18 08:00:00,70,70,,29,122
2019-06-18 08:30:00,125,125,,48,212
2019-06-18 09:00:00,216,216,,61,281
2019-06-18 09:30:00,246,246,,71,325
2019-06-18 10:00:00,178,178,,72,332
2019-06-18 10:30:00,204,204,,72,338
2019-06-18 11:00:00,220,214,,80,374
2019-06-18 11:30:00,205,205,,75,348
2019-06-18 12:00:00,170,170,,67,310
2019-06-18 12:30:00,215,215,,65,299
2019-06-18 13:00:00,243,240,,69,318
2019-06-18 13:30:00,217,185,,69,318
2019-06-18 14:00:00,236,236,,68,313
2019-06-18 14:30:00,194,194,,64,297
2019-06-18 15:00:00,213,213,,65,300
2019-06-18 15:30:00,214,214,,61,282
2019-06-18 16:00:00,200,200,,61,277
2019-06-18 16:30:00,193,193,,56,255
2019-06-18 17:00:00,180,180,,53,240
2019-06-18 17:30:00,119,119,,49,218
2019-06-18 18:00:00,116,115,,43,187
2019-06-18 18:30:00,141,60,,36,155
2019-06-18 19:00:00,113,80,,33,142
2019-06-18 19:30:00,136,32,,32,132
2019-06-18 20:00:00,109,21,,32,131
2019-06-18 20:30:00,101,48,,29,121
2019-06-18 21:00:00,57,56,,27,108
2019-06-18 21:30:00,63,61,,23,84
2019-06-18 22:00:00,47,32,,19,66
2019-06-18 22:30:00,47,47,,15,50
2019-06-18 23:00:00,33,29,,12,40
2019-06-18 23:30:00,21,21,,9,27
2019-06-19 00:00:00,27,25,,11,34
2019-06-19 00:30:00,17,17,,11,30
2019-06-19 01:00:00,12,12,,7,16
2019-06-19 01:30:00,10,10,,5,9
2019-06-19 02:00:00,4,4,,4,7
2019-06-19 02:30:00,4,4,,4,5
2019-06-19 03:00:00,0,0,,3,3
2019-06-19 03:30:00,0,0,,3,3
2019-06-19 04:00:00,3,3,,3,3
2019-06-19 04:30:00,1,1,,3,3
2019-06-19 05:00:00,0,0,,3,3
2019-06-19 05:30:00,4,4,,4,5
2019-06-19 06:00:00,7,7,,4,8
2019-06-19 06:30:00,6,6,,8,19
2019-06-19 07:00:00,19,19,,12,35
2019-06-19 07:30:00,33,33,,16,55
2019-06-19 08:00:00,66,66,,29,122
2019-06-19 08:30:00,114,114,,48,212
2019-06-19 09:00:00,179,179,,61,281
2019-06-19 09:30:00,228,213,,71,325
2019-06-19 10:00:00,227,227,,72,332
2019-06-19 10:30:00,232,231,,72,338
2019-06-19 11:00:00,227,227,,80,374
2019-06-19 11:30:00,247,235,,75,348
2019-06-19 12:00:00,198,198,,67,310
2019-06-19 12:30:00,176,176,,65,299
2019-06-19 13:00:00,189,189,,69,318
2019-06-19 13:30:00,225,225,,69,318
2019-06-19 14:00:00,207,207,,68,313
2019-06-19 14:30:00,214,214,,64,297
2019-06-19 15:00:00,181,181,,65,300
2019-06-19 15:30:00,200,200,,61,282
2019-06-19 16:00:00,170,170,,61,277
2019-06-19 16:30:00,192,192,,56,255
2019-06-19 17:00:00,143,143,,53,240
2019-06-19 17:30:00,137,137,,49,218
2019-06-19 18:00:00,131,130,,43,187
2019-06-19 18:30:00,116,113,,36,155
2019-06-19 19:00:00,77,77,,33,142
2019-06-19 19:30:00,111,99,,32,132
2019-06-19 20:00:00,72,67,,32,131
2019-06-19 20:30:00,82,69,,29,121
2019-06-19 21:00:00,67,55,,27,108
2019-06-19 21:30:00,60,60,,23,84
2019-06-19 22:00:00,45,45,,19,66
2019-06-19 22:30:00,31,31,,15,50
2019-06-19 23:00:00,33,32,,12,40
2019-06-19 23:30:00,29,29,,9,27
2019-06-20 00:00:00,21,21,,11,34
2019-06-20 00:30:00,13,13,,11,30
2019-06-20 01:00:00,6,6,,7,16
2019-06-20 01:30:00,4,4,,5,9
2019-06-20 02:00:00,3,3,,4,7
2019-06-20 02:30:00,2,2,,4,5
2019-06-20 03:00:00,1,1,,3,3
2019-06-20 03:30:00,3,3,,3,3
2019-06-20 04:00:00,2,2,,3,3
2019-06-20 04:30:00,1,1,,3,3
2019-06-20 05:00:00,1,1,,3,3
2019-06-20 05:30:00,5,5,,4,5
2019-06-20 06:00:00,10,10,,4,8
2019-06-20 06:30:00,20,20,,8,19
2019-06-20 07:00:00,25,25,,12,35
2019-06-20 07:30:00,31,31,,16,55
2019-06-20 08:00:00,56,56,,29,122
2019-06-20 08:30:00,109,109,,48,212
2019-06-20 09:00:00,189,189,,61,281
2019-06-20 09:30:00,189,188,,71,325
2019-06-20 10:00:00,219,219,,72,332
2019-06-20 10:30:00,219,215,,72,338
2019-06-20 11:00:00,216,210,,80,374
2019-06-20 11:30:00,201,201,,75,348
2019-06-20 12:00:00,182,182,,67,310
2019-06-20 12:30:00,169,169,,65,299
2019-06-20 13:00:00,209,209,,69,318
2019-06-20 13:30:00,194,194,,69,318
2019-06-20 14:00:00,191,191,,68,313
2019-06-20 14:30:00,219,219,,64,297
2019-06-20 15:00:00,225,225,,65,300
2019-06-20 15:30:00,280,280,,61,282
2019-06-20 16:00:00,232,232,,61,277
2019-06-20 16:30:00,204,204,,56,255
2019-06-20 17:00:00,155,155,,53,240
2019-06-20 17:30:00,149,149,,49,218
2019-06-20 18:00:00,121,121,,43,187
2019-06-20 18:30:00,114,114,,36,155
2019-06-20 19:00:00,105,68,,33,142
2019-06-20 19:30:00,90,83,,32,132
2019-06-20 20:00:00,98,98,,32,131
2019-06-20 20:30:00,74,74,,29,121
2019-06-20 21:00:00,65,65,,27,108
2019-06-20 21:30:00,67,67,,23,84
2019-06-20 22:00:00,48,48,,19,66
2019-06-20 22:30:00,41,41,,15,50
2019-06-20 23:00:00,23,21,,12,40
2019-06-20 23:30:00,19,19,,9,27
2019-06-21 00:00:00,15,15,,11,34
2019-06-21 00:30:00,11,11,,11,30
2019-06-21 01:00:00,7,7,,7,16
2019-06-21 01:30:00,5,5,,5,9
2019-06-21 02:00:00,1,1,,4,7
2019-06-21 02:30:00,2,2,,4,5
2019-06-21 03:00:00,4,4,,3,3
2019-06-21 03:30:00,0,0,,3,3
2019-06-21 04:00:00,1,1,,3,3
2019-06-21 04:30:00,0,0,,3,3
2019-06-21 05:00:00,0,0,,3,3
2019-06-21 05:30:00,4,4,,4,5
2019-06-21 06:00:00,12,12,,4,8
2019-06-21 06:30:00,19,19,,8,19
2019-06-21 07:00:00,25,25,,12,35
2019-06-21 07:30:00,33,33,,16,55
2019-06-21 08:00:00,79,79,,29,122
2019-06-21 08:30:00,138,138,,48,212
2019-06-21 09:00:00,177,177,,61,281
2019-06-21 09:30:00,184,184,,71,325
2019-06-21 10:00:00,206,206,,72,332
2019-06-21 10:30:00,191,191,,72,338
2019-06-21 11:00:00,201,201,,80,374
2019-06-21 11:30:00,186,186,,75,348
2019-06-21 12:00:00,181,181,,67,310
2019-06-21 12:30:00,183,183,,65,299
2019-06-21 13:00:00,172,172,,69,318
2019-06-21 13:30:00,171,171,,69,318
2019-06-21 14:00:00,171,171,,68,313
2019-06-21 14:30:00,199,199,,64,297
2019-06-21 15:00:00,192,192,,65,300
2019-06-21 15:30:00,191,190,,61,282
2019-06-21 16:00:00,191,191,,61,277
2019-06-21 16:30:00,164,164,,56,255
2019-06-21 17:00:00,127,127,,53,240
2019-06-21 17:30:00,155,132,,49,218
2019-06-21 18:00:00,137,137,,43,187
2019-06-21 18:30:00,84,84,,36,155
2019-06-21 19:00:00,65,65,,33,142
2019-06-21 19:30:00,71,70,,32,132
2019-06-21 20:00:00,68,68,,32,131
2019-06-21 20:30:00,63,62,,29,121
2019-06-21 21:00:00,58,55,,27,108
2019-06-21 21:30:00,52,47,,23,84
2019-06-21 22:00:00,34,34,,19,66
2019-06-21 22:30:00,42,42,,15,50
2019-06-21 23:00:00,17,17,,12,40
2019-06-21 23:30:00,16,16,,9,27
2019-06-22 00:00:00,19,17,,8,21
2019-06-22 00:30:00,10,10,,5,13
2019-06-22 01:00:00,8,8,,5,10
2019-06-22 01:30:00,8,8,,4,6
2019-06-22 02:00:00,3,3,,4,6
2019-06-22 02:30:00,6,6,,4,4
2019-06-22 03:00:00,0,0,,3,2
2019-06-22 03:30:00,2,2,,3,2
2019-06-22 04:00:00,5,5,,3,2
2019-06-22 04:30:00,4,4,,3,2
2019-06-22 05:00:00,4,4,,4,4
2019-06-22 05:30:00,2,2,,4,4
2019-06-22 06:00:00,9,9,,3,3
2019-06-22 06:30:00,7,7,,7,18
2019-06-22 07:00:00,20,20,,8,20
2019-06-22 07:30:00,20,20,,12,39
2019-06-22 08:00:00,46,46,,17,63
2019-06-22 08:30:00,80,80,,27,104
2019-06-22 09:00:00,146,146,,40,171
2019-06-22 09:30:00,140,140,,47,204
2019-06-22 10:00:00,138,138,,47,204
2019-06-22 10:30:00,148,148,,49,216
2019-06-22 11:00:00,174,174,,49,219
2019-06-22 11:30:00,136,136,,47,207
2019-06-22 12:00:00,130,130,,48,211
2019-06-22 12:30:00,139,139,,47,208
2019-06-22 13:00:00,126,126,,48,209
2019-06-22 13:30:00,151,151,,45,200
2019-06-22 14:00:00,128,128,,44,193
2019-06-22 14:30:00,125,125,,41,179
2019-06-22 15:00:00,129,129,,47,205
2019-06-22 15:30:00,132,132,,44,194
2019-06-22 16:00:00,126,126,,45,197
2019-06-22 16:30:00,111,111,,41,180
2019-06-22 17:00:00,105,105,,39,164
2019-06-22 17:30:00,86,86,,36,149
2019-06-22 18:00:00,81,81,,29,122
2019-06-22 18:30:00,66,66,,25,102
2019-06-22 19:00:00,67,64,,25,97
2019-06-22 19:30:00,50,49,,23,84
2019-06-22 20:00:00,48,44,,19,71
2019-06-22 20:30:00,41,41,,21,78
2019-06-22 21:00:00,43,40,,19,71
2019-06-22 21:30:00,42,42,,17,59
2019-06-22 22:00:00,43,35,,15,51
2019-06-22 22:30:00,20,20,,12,37
2019-06-22 23:00:00,16,16,,12,37
2019-06-22 23:30:00,21,21,,13,43
2019-06-23 00:00:00,22,22,,9,28
2019-06-23 00:30:00,13,13,,9,26
2019-06-23 01:00:00,11,11,,5,13
2019-06-23 01:30:00,8,8,,5,9
2019-06-23 02:00:00,4,4,,4,4
2019-06-23 02:30:00,4,4,,3,3
2019-06-23 03:00:00,3,3,,4,4
2019-06-23 03:30:00,1,1,,3,2
2019-06-23 04:00:00,1,1,,3,3
2019-06-23 04:30:00,0,0,,4,5
2019-06-23 05:00:00,3,3,,3,2
2019-06-23 05:30:00,4,4,,4,4
2019-06-23 06:00:00,7,7,,4,7
2019-06-23 06:30:00,14,14,,5,13
2019-06-23 07:00:00,12,12,,8,21
2019-06-23 07:30:00,27,27,,11,30
2019-06-23 08:00:00,32,32,,17,59
2019-06-23 08:30:00,51,51,,23,88
2019-06-23 09:00:00,96,96,,33,136
2019-06-23 09:30:00,82,82,,33,141
2019-06-23 10:00:00,77,77,,39,166
2019-06-23 10:30:00,83,83,,41,176
2019-06-23 11:00:00,100,100,,41,177
2019-06-23 11:30:00,96,96,,39,167
2019-06-23 12:00:00,94,94,,40,171
2019-06-23 12:30:00,91,91,,37,156
2019-06-23 13:00:00,71,71,,36,153
2019-06-23 13:30:00,84,84,,33,139
2019-06-23 14:00:00,102,102,,33,140
2019-06-23 14:30:00,82,82,,35,148
2019-06-23 15:00:00,77,77,,33,142
2019-06-23 15:30:00,88,88,,35,147
2019-06-23 16:00:00,79,79,,39,162
2019-06-23 16:30:00,79,79,,32,134
2019-06-23 17:00:00,75,75,,32,134
2019-06-23 17:30:00,60,60,,29,117
2019-06-23 18:00:00,52,52,,25,103
2019-06-23 18:30:00,51,51,,23,90
2019-06-23 19:00:00,71,69,,21,82
2019-06-23 19:30:00,60,60,,23,90
2019-06-23 20:00:00,44,44,,24,91
2019-06-23 20:30:00,41,41,,21,83
2019-06-23 21:00:00,48,48,,20,72
2019-06-23 21:30:00,32,32,,16,58
2019-06-23 22:00:00,32,30,,16,57
2019-06-23 22:30:00,15,15,,16,58
2019-06-23 23:00:00,14,14,,15,50
2019-06-23 23:30:00,15,15,,9,28
2019-06-24 00:00:00,16,16,,11,34
2019-06-24 00:30:00,5,5,,11,30
2019-06-24 01:00:00,6,6,,7,16
2019-06-24 01:30:00,2,2,,5,9
2019-06-24 02:00:00,1,1,,4,7
2019-06-24 02:30:00,2,2,,4,5
2019-06-24 03:00:00,1,1,,3,3
2019-06-24 03:30:00,0,0,,3,3
2019-06-24 04:00:00,2,2,,3,3
2019-06-24 04:30:00,1,1,,3,3
2019-06-24 05:00:00,3,3,,3,3
2019-06-24 05:30:00,2,2,,4,5
2019-06-24 06:00:00,7,7,,4,8
2019-06-24 06:30:00,13,13,,8,19
2019-06-24 07:00:00,22,22,,12,35
2019-06-24 07:30:00,25,25,,16,55
2019-06-24 08:00:00,62,62,,29,122
2019-06-24 08:30:00,100,100,,48,212
2019-06-24 09:00:00,147,147,,61,281
2019-06-24 09:30:00,191,191,,71,325
2019-06-24 10:00:00,198,198,,72,332
2019-06-24 10:30:00,204,204,,72,338
2019-06-24 11:00:00,212,212,,80,374
2019-06-24 11:30:00,206,206,,75,348
2019-06-24 12:00:00,164,164,,67,310
2019-06-24 12:30:00,185,185,,65,299
2019-06-24 13:00:00,189,189,,69,318
2019-06-24 13:30:00,185,185,,69,318
2019-06-24 14:00:00,178,178,,68,313
2019-06-24 14:30:00,176,176,,64,297
2019-06-24 15:00:00,186,186,,65,300
2019-06-24 15:30:00,198,198,,61,282
2019-06-24 16:00:00,179,179,,61,277
2019-06-24 16:30:00,169,169,,56,255
2019-06-24 17:00:00,172,172,,53,240
2019-06-24 17:30:00,152,151,,49,218
2019-06-24 18:00:00,114,114,,43,187
2019-06-24 18:30:00,94,94,,36,155
2019-06-24 19:00:00,95,92,,33,142
2019-06-24 19:30:00,84,84,,32,132
2019-06-24 20:00:00,97,84,,32,131
2019-06-24 20:30:00,73,73,,29,121
2019-06-24 21:00:00,62,59,,27,108
2019-06-24 21:30:00,67,67,,23,84
2019-06-24 22:00:00,49,49,,19,66
2019-06-24 22:30:00,33,33,,15,50
2019-06-24 23:00:00,30,29,,12,40
2019-06-24 23:30:00,24,24,,9,27
2019-06-25 00:00:00,16,16,,11,34
2019-06-25 00:30:00,6,6,,11,30
2019-06-25 01:00:00,2,2,,7,16
2019-06-25 01:30:00,8,8,,5,9
2019-06-25 02:00:00,4,4,,4,7
2019-06-25 02:30:00,3,3,,4,5
2019-06-25 03:00:00,4,4,,3,3
2019-06-25 03:30:00,2,2,,3,3
2019-06-25 04:00:00,3,3,,3,3
2019-06-25 04:30:00,3,3,,3,3
2019-06-25 05:00:00,1,1,,3,3
2019-06-25 05:30:00,4,4,,4,5
2019-06-25 06:00:00,9,9,,4,8
2019-06-25 06:30:00,24,24,,8,19
2019-06-25 07:00:00,25,25,,12,35
2019-06-25 07:30:00,46,46,,16,55
2019-06-25 08:00:00,78,78,,29,122
2019-06-25 08:30:00,140,140,,48,212
2019-06-25 09:00:00,182,182,,61,281
2019-06-25 09:30:00,217,217,,71,325
2019-06-25 10:00:00,191,191,,72,332
2019-06-25 10:30:00,218,218,,72,338
2019-06-25 11:00:00,188,188,,80,374
2019-06-25 11:30:00,205,205,,75,348
2019-06-25 12:00:00,216,216,,67,310
2019-06-25 12:30:00,191,191,,65,299
2019-06-25 13:00:00,190,190,,69,318
2019-06-25 13:30:00,248,247,,69,318
2019-06-25 14:00:00,213,213,,68,313
2019-06-25 14:30:00,208,208,,64,297
2019-06-25 15:00:00,200,200,,65,300
2019-06-25 15:30:00,212,212,,61,282
2019-06-25 16:00:00,206,206,,61,277
2019-06-25 16:30:00,170,170,,56,255
2019-06-25 17:00:00,182,182,,53,240
2019-06-25 17:30:00,130,130,,49,218
2019-06-25 18:00:00,115,115,,43,187
2019-06-25 18:30:00,119,119,,36,155
2019-06-25 19:00:00,108,108,,33,142
2019-06-25 19:30:00,98,98,,32,132
2019-06-25 20:00:00,156,24,,32,131
2019-06-25 20:30:00,140,1,,29,121
2019-06-25 21:00:00,121,15,,27,108
2019-06-25 21:30:00,81,55,,23,84
2019-06-25 22:00:00,68,68,,19,66
2019-06-25 22:30:00,39,39,,15,50
2019-06-25 23:00:00,22,22,,12,40
2019-06-25 23:30:00,29,25,,9,27
2019-06-26 00:00:00,31,24,,11,34
2019-06-26 00:30:00,11,11,,11,30
2019-06-26 01:00:00,6,6,,7,16
2019-06-26 01:30:00,6,6,,5,9
2019-06-26 02:00:00,6,6,,4,7
2019-06-26 02:30:00,3,3,,4,5
2019-06-26 03:00:00,2,2,,3,3
2019-06-26 03:30:00,7,7,,3,3
2019-06-26 04:00:00,1,1,,3,3
2019-06-26 04:30:00,0,0,,3,3
2019-06-26 05:00:00,3,3,,3,3
2019-06-26 05:30:00,5,5,,4,5
2019-06-26 06:00:00,9,9,,4,8
2019-06-26 06:30:00,15,15,,8,19
2019-06-26 07:00:00,31,31,,12,35
2019-06-26 07:30:00,43,43,,16,55
2019-06-26 08:00:00,90,90,,29,122
2019-06-26 08:30:00,133,133,,48,212
2019-06-26 09:00:00,241,241,,61,281
2019-06-26 09:30:00,236,236,,71,325
2019-06-26 10:00:00,209,209,,72,332
2019-06-26 10:30:00,233,233,,72,338
2019-06-26 11:00:00,207,207,,80,374
2019-06-26 11:30:00,202,202,,75,348
2019-06-26 12:00:00,224,224,,67,310
2019-06-26 12:30:00,190,190,,65,299
2019-06-26 13:00:00,210,210,,69,318
2019-06-26 13:30:00,217,217,,69,318
2019-06-26 14:00:00,213,213,,68,313
2019-06-26 14:30:00,195,195,,64,297
2019-06-26 15:00:00,170,170,,65,300
2019-06-26 15:30:00,188,188,,61,282
2019-06-26 16:00:00,193,193,,61,277
2019-06-26 16:30:00,196,196,,56,255
2019-06-26 17:00:00,179,178,,53,240
2019-06-26 17:30:00,142,141,,49,218
2019-06-26 18:00:00,133,124,,43,187
2019-06-26 18:30:00,135,75,,36,155
2019-06-26 19:00:00,105,97,,33,142
2019-06-26 19:30:00,87,87,,32,132
2019-06-26 20:00:00,87,76,,32,131
2019-06-26 20:30:00,84,69,,29,121
2019-06-26 21:00:00,90,45,,27,108
2019-06-26 21:30:00,56,56,,23,84
2019-06-26 22:00:00,48,48,,19,66
2019-06-26 22:30:00,41,41,,15,50
2019-06-26 23:00:00,24,24,,12,40
2019-06-26 23:30:00,18,18,,9,27
2019-06-27 00:00:00,31,30,,11,34
2019-06-27 00:30:00,18,14,,11,30
2019-06-27 01:00:00,17,17,,7,16
2019-06-27 01:30:00,7,7,,5,9
2019-06-27 02:00:00,10,10,,4,7
2019-06-27 02:30:00,5,5,,4,5
2019-06-27 03:00:00,4,4,,3,3
2019-06-27 03:30:00,3,3,,3,3
2019-06-27 04:00:00,0,0,,3,3
2019-06-27 04:30:00,3,3,,3,3
2019-06-27 05:00:00,3,3,,3,3
2019-06-27 05:30:00,2,2,,4,5
2019-06-27 06:00:00,11,11,,4,8
2019-06-27 06:30:00,22,22,,8,19
2019-06-27 07:00:00,30,30,,12,35
2019-06-27 07:30:00,40,40,,16,55
2019-06-27 08:00:00,83,83,,29,122
2019-06-27 08:30:00,123,123,,48,212
2019-06-27 09:00:00,193,193,,61,281
2019-06-27 09:30:00,224,224,,71,325
2019-06-27 10:00:00,242,222,,72,332
2019-06-27 10:30:00,244,244,,72,338
2019-06-27 11:00:00,282,174,,80,374
2019-06-27 11:30:00,222,222,,75,348
2019-06-27 12:00:00,187,187,,67,310
2019-06-27 12:30:00,213,213,,65,299
2019-06-27 13:00:00,219,191,,69,318
2019-06-27 13:30:00,205,205,,69,318
2019-06-27 14:00:00,217,217,,68,313
2019-06-27 14:30:00,180,180,,64,297
2019-06-27 15:00:00,176,176,,65,300
2019-06-27 15:30:00,195,195,,61,282
2019-06-27 16:00:00,241,241,,61,277
2019-06-27 16:30:00,219,219,,56,255
2019-06-27 17:00:00,211,210,,53,240
2019-06-27 17:30:00,163,162,,49,218
2019-06-27 18:00:00,105,105,,43,187
2019-06-27 18:30:00,112,112,,36,155
2019-06-27 19:00:00,99,99,,33,142
2019-06-27 19:30:00,98,98,,32,132
2019-06-27 20:00:00,96,95,,32,131
2019-06-27 20:30:00,103,91,,29,121
2019-06-27 21:00:00,67,57,,27,108
2019-06-27 21:30:00,61,61,,23,84
2019-06-27 22:00:00,66,66,,19,66
2019-06-27 22:30:00,44,44,,15,50
2019-06-27 23:00:00,34,30,,12,40
2019-06-27 23:30:00,32,21,,9,27
2019-06-28 00:00:00,19,19,,11,34
2019-06-28 00:30:00,17,17,,11,30
2019-06-28 01:00:00,7,7,,7,16
2019-06-28 01:30:00,3,3,,5,9
2019-06-28 02:00:00,6,6,,4,7
2019-06-28 02:30:00,5,5,,4,5
2019-06-28 03:00:00,4,4,,3,3
2019-06-28 03:30:00,0,0,,3,3
2019-06-28 04:00:00,1,1,,3,3
2019-06-28 04:30:00,2,2,,3,3
2019-06-28 05:00:00,3,3,,3,3
2019-06-28 05:30:00,3,3,,4,5
2019-06-28 06:00:00,7,7,,4,8
2019-06-28 06:30:00,12,12,,8,19
2019-06-28 07:00:00,32,32,,12,35
2019-06-28 07:30:00,45,36,,16,55
2019-06-28 08:00:00,71,71,,29,122
2019-06-28 08:30:00,131,131,,48,212
2019-06-28 09:00:00,207,207,,61,281
2019-06-28 09:30:00,193,193,,71,325
2019-06-28 10:00:00,222,222,,72,332
2019-06-28 10:30:00,211,211,,72,338
2019-06-28 11:00:00,227,227,,80,374
2019-06-28 11:30:00,211,211,,75,348
2019-06-28 12:00:00,211,211,,67,310
2019-06-28 12:30:00,166,166,,65,299
2019-06-28 13:00:00,194,194,,69,318
2019-06-28 13:30:00,228,228,,69,318
2019-06-28 14:00:00,165,165,,68,313
2019-06-28 14:30:00,192,192,,64,297
2019-06-28 15:00:00,173,173,,65,300
2019-06-28 15:30:00,196,196,,61,282
2019-06-28 16:00:00,167,167,,61,277
2019-06-28 16:30:00,173,173,,56,255
2019-06-28 17:00:00,135,135,,53,240
2019-06-28 17:30:00,142,142,,49,218
2019-06-28 18:00:00,116,116,,43,187
2019-06-28 18:30:00,78,78,,36,155
2019-06-28 19:00:00,81,81,,33,142
2019-06-28 19:30:00,85,85,,32,132
2019-06-28 20:00:00,86,62,,32,131
2019-06-28 20:30:00,54,54,,29,121
2019-06-28 21:00:00,49,49,,27,108
2019-06-28 21:30:00,52,52,,23,84
2019-06-28 22:00:00,34,34,,19,66
2019-06-28 22:30:00,34,34,,15,50
2019-06-28 23:00:00,27,27,,12,40
2019-06-28 23:30:00,19,18,,9,27
2019-06-29 00:00:00,23,23,,8,21
2019-06-29 00:30:00,17,17,,5,13
2019-06-29 01:00:00,6,6,,5,10
2019-06-29 01:30:00,7,7,,4,6
2019-06-29 02:00:00,5,5,,4,6
2019-06-29 02:30:00,12,12,,4,4
2019-06-29 03:00:00,2,2,,3,2
2019-06-29 03:30:00,0,0,,3,2
2019-06-29 04:00:00,2,2,,3,2
2019-06-29 04:30:00,1,1,,3,2
2019-06-29 05:00:00,0,0,,4,4
2019-06-29 05:30:00,2,2,,4,4
2019-06-29 06:00:00,8,8,,3,3
2019-06-29 06:30:00,12,12,,7,18
2019-06-29 07:00:00,22,22,,8,20
2019-06-29 07:30:00,36,34,,12,39
2019-06-29 08:00:00,66,62,,17,63
2019-06-29 08:30:00,105,42,,27,104
2019-06-29 09:00:00,164,162,,40,171
2019-06-29 09:30:00,163,132,,47,204
2019-06-29 10:00:00,131,131,,47,204
2019-06-29 10:30:00,165,161,,49,216
2019-06-29 11:00:00,201,99,,49,219
2019-06-29 11:30:00,153,152,,47,207
2019-06-29 12:00:00,169,153,,48,211
2019-06-29 12:30:00,153,153,,47,208
2019-06-29 13:00:00,140,140,,48,209
2019-06-29 13:30:00,117,117,,45,200
2019-06-29 14:00:00,141,141,,44,193
2019-06-29 14:30:00,149,149,,41,179
2019-06-29 15:00:00,144,144,,47,205
2019-06-29 15:30:00,137,137,,44,194
2019-06-29 16:00:00,140,140,,45,197
2019-06-29 16:30:00,131,131,,41,180
2019-06-29 17:00:00,122,119,,39,164
2019-06-29 17:30:00,100,100,,36,149
2019-06-29 18:00:00,84,84,,29,122
2019-06-29 18:30:00,89,85,,25,102
2019-06-29 19:00:00,77,69,,25,97
2019-06-29 19:30:00,60,38,,23,84
2019-06-29 20:00:00,55,47,,19,71
2019-06-29 20:30:00,69,23,,21,78
2019-06-29 21:00:00,57,20,,19,71
2019-06-29 21:30:00,47,41,,17,59
2019-06-29 22:00:00,29,18,,15,51
2019-06-29 22:30:00,23,23,,12,37
2019-06-29 23:00:00,31,29,,12,37
2019-06-29 23:30:00,15,15,,13,43
2019-06-30 00:00:00,18,18,,9,28
2019-06-30 00:30:00,14,14,,9,26
2019-06-30 01:00:00,9,9,,5,13
2019-06-30 01:30:00,4,4,,5,9
2019-06-30 02:00:00,2,2,,4,4
2019-06-30 02:30:00,4,4,,3,3
2019-06-30 03:00:00,2,2,,4,4
2019-06-30 03:30:00,2,2,,3,2
2019-06-30 04:00:00,2,2,,3,3
2019-06-30 04:30:00,2,2,,4,5
2019-06-30 05:00:00,1,1,,3,2
2019-06-30 05:30:00,2,2,,4,4
2019-06-30 06:00:00,4,4,,4,7
2019-06-30 06:30:00,8,8,,5,13
2019-06-30 07:00:00,9,9,,8,21
2019-06-30 07:30:00,15,15,,11,30
2019-06-30 08:00:00,35,35,,17,59
2019-06-30 08:30:00,50,50,,23,88
2019-06-30 09:00:00,67,67,,33,136
2019-06-30 09:30:00,74,74,,33,141
2019-06-30 10:00:00,106,94,,39,166
2019-06-30 10:30:00,94,79,,41,176
2019-06-30 11:00:00,100,75,,41,177
2019-06-30 11:30:00,95,46,,39,167
2019-06-30 12:00:00,108,77,,40,171
2019-06-30 12:30:00,101,49,,37,156
2019-06-30 13:00:00,91,83,,36,153
2019-06-30 13:30:00,83,83,,33,139
2019-06-30 14:00:00,89,89,,33,140
2019-06-30 14:30:00,101,101,,35,148
2019-06-30 15:00:00,91,91,,33,142
2019-06-30 15:30:00,83,83,,35,147
2019-06-30 16:00:00,83,83,,39,162
2019-06-30 16:30:00,88,88,,32,134
2019-06-30 17:00:00,98,16,,32,134
2019-06-30 17:30:00,83,11,,29,117
2019-06-30 18:00:00,70,56,,25,103
2019-06-30 18:30:00,63,63,,23,90
2019-06-30 19:00:00,59,31,,21,82
2019-06-30 19:30:00,58,58,,23,90
2019-06-30 20:00:00,62,59,,24,91
2019-06-30 20:30:00,63,42,,21,83
2019-06-30 21:00:00,55,35,,20,72
2019-06-30 21:30:00,47,47,,16,58
2019-06-30 22:00:00,44,44,,16,57
2019-06-30 22:30:00,25,25,,16,58
2019-06-30 23:00:00,27,27,,15,50
2019-06-30 23:30:00,15,15,,9,28
2019-07-01 00:00:00,23,23,,9,23
2019-07-01 00:30:00,10,10,,7,16
2019-07-01 01:00:00,2,2,,7,12
2019-07-01 01:30:00,2,2,,5,9
2019-07-01 02:00:00,4,4,,4,6
2019-07-01 02:30:00,2,2,,4,5
2019-07-01 03:00:00,2,2,,3,2
2019-07-01 03:30:00,0,0,,4,3
2019-07-01 04:00:00,4,4,,4,3
2019-07-01 04:30:00,0,0,,4,3
2019-07-01 05:00:00,1,1,,4,4
2019-07-01 05:30:00,1,1,,4,5
2019-07-01 06:00:00,6,6,,5,10
2019-07-01 06:30:00,13,13,,8,20
2019-07-01 07:00:00,25,25,,11,29
2019-07-01 07:30:00,31,31,,15,47
2019-07-01 08:00:00,67,67,,25,98
2019-07-01 08:30:00,130,115,,39,167
2019-07-01 09:00:00,160,156,,52,238
2019-07-01 09:30:00,202,105,,57,266
2019-07-01 10:00:00,221,192,,60,277
2019-07-01 10:30:00,204,184,,64,301
2019-07-01 11:00:00,230,99,,60,280
2019-07-01 11:30:00,239,110,,59,269
2019-07-01 12:00:00,195,176,,55,254
2019-07-01 12:30:00,220,191,,55,248
2019-07-01 13:00:00,227,152,,56,255
2019-07-01 13:30:00,206,98,,57,264
2019-07-01 14:00:00,206,206,,55,250
2019-07-01 14:30:00,202,202,,55,250
2019-07-01 15:00:00,190,190,,53,241
2019-07-01 15:30:00,212,212,,51,232
2019-07-01 16:00:00,172,172,,49,222
2019-07-01 16:30:00,191,191,,47,211
2019-07-01 17:00:00,181,163,,44,192
2019-07-01 17:30:00,141,133,,39,169
2019-07-01 18:00:00,160,96,,37,160
2019-07-01 18:30:00,101,98,,37,157
2019-07-01 19:00:00,98,90,,31,126
2019-07-01 19:30:00,89,89,,29,120
2019-07-01 20:00:00,73,73,,28,111
2019-07-01 20:30:00,83,83,,25,102
2019-07-01 21:00:00,61,61,,25,97
2019-07-01 21:30:00,66,66,,21,82
2019-07-01 22:00:00,55,55,,19,66
2019-07-01 22:30:00,32,32,,15,48
2019-07-01 23:00:00,33,33,,12,35
2019-07-01 23:30:00,32,31,,9,26
2019-07-02 00:00:00,18,18,,9,23
2019-07-02 00:30:00,13,13,,7,16
2019-07-02 01:00:00,2,2,,7,12
2019-07-02 01:30:00,3,3,,5,9
2019-07-02 02:00:00,3,3,,4,6
2019-07-02 02:30:00,6,6,,4,5
2019-07-02 03:00:00,0,0,,3,2
2019-07-02 03:30:00,1,1,,4,3
2019-07-02 04:00:00,2,2,,4,3
2019-07-02 04:30:00,0,0,,4,3
2019-07-02 05:00:00,3,3,,4,4
2019-07-02 05:30:00,3,3,,4,5
2019-07-02 06:00:00,9,9,,5,10
2019-07-02 06:30:00,17,17,,8,20
2019-07-02 07:00:00,16,16,,11,29
2019-07-02 07:30:00,30,30,,15,47
2019-07-02 08:00:00,64,64,,25,98
2019-07-02 08:30:00,111,111,,39,167
2019-07-02 09:00:00,201,201,,52,238
2019-07-02 09:30:00,226,217,,57,266
2019-07-02 10:00:00,214,205,,60,277
2019-07-02 10:30:00,219,217,,64,301
2019-07-02 11:00:00,227,185,,60,280
2019-07-02 11:30:00,254,117,,59,269
2019-07-02 12:00:00,188,188,,55,254
2019-07-02 12:30:00,214,201,,55,248
2019-07-02 13:00:00,286,124,,56,255
2019-07-02 13:30:00,226,205,,57,264
2019-07-02 14:00:00,205,205,,55,250
2019-07-02 14:30:00,216,216,,55,250
2019-07-02 15:00:00,267,266,,53,241
2019-07-02 15:30:00,252,252,,51,232
2019-07-02 16:00:00,260,232,,49,222
2019-07-02 16:30:00,201,198,,47,211
2019-07-02 17:00:00,168,168,,44,192
2019-07-02 17:30:00,176,173,,39,169
2019-07-02 18:00:00,156,108,,37,160
2019-07-02 18:30:00,139,103,,37,157
2019-07-02 19:00:00,121,78,,31,126
2019-07-02 19:30:00,108,59,,29,120
2019-07-02 20:00:00,108,90,,28,111
2019-07-02 20:30:00,91,89,,25,102
2019-07-02 21:00:00,98,56,,25,97
2019-07-02 21:30:00,56,44,,21,82
2019-07-02 22:00:00,49,49,,19,66
2019-07-02 22:30:00,38,38,,15,48
2019-07-02 23:00:00,27,27,,12,35
2019-07-02 23:30:00,27,27,,9,26
2019-07-03 00:00:00,16,15,,9,23
2019-07-03 00:30:00,15,15,,7,16
2019-07-03 01:00:00,7,7,,7,12
2019-07-03 01:30:00,4,4,,5,9
2019-07-03 02:00:00,5,5,,4,6
2019-07-03 02:30:00,3,3,,4,5
2019-07-03 03:00:00,1,1,,3,2
2019-07-03 03:30:00,0,0,,4,3
2019-07-03 04:00:00,2,2,,4,3
2019-07-03 04:30:00,2,2,,4,3
2019-07-03 05:00:00,4,4,,4,4
2019-07-03 05:30:00,3,3,,4,5
2019-07-03 06:00:00,7,7,,5,10
2019-07-03 06:30:00,17,17,,8,20
2019-07-03 07:00:00,28,28,,11,29
2019-07-03 07:30:00,30,30,,15,47
2019-07-03 08:00:00,73,73,,25,98
2019-07-03 08:30:00,118,118,,39,167
2019-07-03 09:00:00,182,182,,52,238
2019-07-03 09:30:00,200,200,,57,266
2019-07-03 10:00:00,202,198,,60,277
2019-07-03 10:30:00,199,199,,64,301
2019-07-03 11:00:00,216,207,,60,280
2019-07-03 11:30:00,219,209,,59,269
2019-07-03 12:00:00,194,194,,55,254
2019-07-03 12:30:00,204,204,,55,248
2019-07-03 13:00:00,214,210,,56,255
2019-07-03 13:30:00,225,164,,57,264
2019-07-03 14:00:00,231,231,,55,250
2019-07-03 14:30:00,252,248,,55,250
2019-07-03 15:00:00,207,207,,53,241
2019-07-03 15:30:00,199,199,,51,232
2019-07-03 16:00:00,212,212,,49,222
2019-07-03 16:30:00,191,191,,47,211
2019-07-03 17:00:00,178,177,,44,192
2019-07-03 17:30:00,156,154,,39,169
2019-07-03 18:00:00,121,121,,37,160
2019-07-03 18:30:00,110,110,,37,157
2019-07-03 19:00:00,108,82,,31,126
2019-07-03 19:30:00,88,88,,29,120
2019-07-03 20:00:00,97,67,,28,111
2019-07-03 20:30:00,89,80,,25,102
2019-07-03 21:00:00,83,59,,25,97
2019-07-03 21:30:00,67,67,,21,82
2019-07-03 22:00:00,54,54,,19,66
2019-07-03 22:30:00,44,44,,15,48
2019-07-03 23:00:00,37,28,,12,35
2019-07-03 23:30:00,16,13,,9,26
2019-07-04 00:00:00,14,14,,9,23
2019-07-04 00:30:00,7,7,,7,16
2019-07-04 01:00:00,5,5,,7,12
2019-07-04 01:30:00,4,4,,5,9
2019-07-04 02:00:00,3,3,,4,6
2019-07-04 02:30:00,1,1,,4,5
2019-07-04 03:00:00,3,3,,3,2
2019-07-04 03:30:00,3,3,,4,3
2019-07-04 04:00:00,3,3,,4,3
2019-07-04 04:30:00,0,0,,4,3
2019-07-04 05:00:00,0,0,,4,4
2019-07-04 05:30:00,7,7,,4,5
2019-07-04 06:00:00,10,10,,5,10
2019-07-04 06:30:00,21,21,,8,20
2019-07-04 07:00:00,27,27,,11,29
2019-07-04 07:30:00,33,33,,15,47
2019-07-04 08:00:00,78,78,,25,98
2019-07-04 08:30:00,115,115,,39,167
2019-07-04 09:00:00,193,193,,52,238
2019-07-04 09:30:00,228,226,,57,266
2019-07-04 10:00:00,230,180,,60,277
2019-07-04 10:30:00,221,208,,64,301
2019-07-04 11:00:00,215,195,,60,280
2019-07-04 11:30:00,228,182,,59,269
2019-07-04 12:00:00,231,170,,55,254
2019-07-04 12:30:00,204,183,,55,248
2019-07-04 13:00:00,233,136,,56,255
2019-07-04 13:30:00,216,198,,57,264
2019-07-04 14:00:00,234,230,,55,250
2019-07-04 14:30:00,232,232,,55,250
2019-07-04 15:00:00,201,201,,53,241
2019-07-04 15:30:00,176,176,,51,232
2019-07-04 16:00:00,170,170,,49,222
2019-07-04 16:30:00,199,199,,47,211
2019-07-04 17:00:00,153,153,,44,192
2019-07-04 17:30:00,142,142,,39,169
2019-07-04 18:00:00,113,113,,37,160
2019-07-04 18:30:00,121,121,,37,157
2019-07-04 19:00:00,104,103,,31,126
2019-07-04 19:30:00,98,98,,29,120
2019-07-04 20:00:00,95,81,,28,111
2019-07-04 20:30:00,86,85,,25,102
2019-07-04 21:00:00,74,74,,25,97
2019-07-04 21:30:00,55,55,,21,82
2019-07-04 22:00:00,44,44,,19,66
2019-07-04 22:30:00,39,39,,15,48
2019-07-04 23:00:00,29,29,,12,35
2019-07-04 23:30:00,21,20,,9,26
2019-07-05 00:00:00,26,22,,9,23
2019-07-05 00:30:00,12,12,,7,16
2019-07-05 01:00:00,9,9,,7,12
2019-07-05 01:30:00,6,6,,5,9
2019-07-05 02:00:00,4,4,,4,6
2019-07-05 02:30:00,1,1,,4,5
2019-07-05 03:00:00,3,3,,3,2
2019-07-05 03:30:00,0,0,,4,3
2019-07-05 04:00:00,3,3,,4,3
2019-07-05 04:30:00,1,1,,4,3
2019-07-05 05:00:00,3,3,,4,4
2019-07-05 05:30:00,6,6,,4,5
2019-07-05 06:00:00,15,15,,5,10
2019-07-05 06:30:00,17,17,,8,20
2019-07-05 07:00:00,33,33,,11,29
2019-07-05 07:30:00,66,64,,15,47
2019-07-05 08:00:00,99,99,,25,98
2019-07-05 08:30:00,176,176,,39,167
2019-07-05 09:00:00,280,185,,52,238
2019-07-05 09:30:00,264,217,,57,266
2019-07-05 10:00:00,239,198,,60,277
2019-07-05 10:30:00,244,112,,64,301
2019-07-05 11:00:00,230,136,,60,280
2019-07-05 11:30:00,217,214,,59,269
2019-07-05 12:00:00,223,191,,55,254
2019-07-05 12:30:00,224,224,,55,248
2019-07-05 13:00:00,247,247,,56,255
2019-07-05 13:30:00,213,213,,57,264
2019-07-05 14:00:00,233,233,,55,250
2019-07-05 14:30:00,219,219,,55,250
2019-07-05 15:00:00,234,234,,53,241
2019-07-05 15:30:00,213,213,,51,232
2019-07-05 16:00:00,184,184,,49,222
2019-07-05 16:30:00,180,180,,47,211
2019-07-05 17:00:00,196,196,,44,192
2019-07-05 17:30:00,163,162,,39,169
2019-07-05 18:00:00,151,142,,37,160
2019-07-05 18:30:00,124,124,,37,157
2019-07-05 19:00:00,101,101,,31,126
2019-07-05 19:30:00,91,91,,29,120
2019-07-05 20:00:00,90,83,,28,111
2019-07-05 20:30:00,67,67,,25,102
2019-07-05 21:00:00,75,62,,25,97
2019-07-05 21:30:00,52,52,,21,82
2019-07-05 22:00:00,48,48,,19,66
2019-07-05 22:30:00,39,39,,15,48
2019-07-05 23:00:00,29,28,,12,35
2019-07-05 23:30:00,18,18,,9,26
2019-07-06 00:00:00,33,23,,9,26
2019-07-06 00:30:00,13,11,,8,21
2019-07-06 01:00:00,9,9,,9,22
2019-07-06 01:30:00,8,8,,7,16
2019-07-06 02:00:00,1,1,,7,13
2019-07-06 02:30:00,3,3,,4,6
2019-07-06 03:00:00,5,5,,4,3
2019-07-06 03:30:00,2,2,,4,3
2019-07-06 04:00:00,1,1,,4,4
2019-07-06 04:30:00,0,0,,3,2
2019-07-06 05:00:00,2,2,,4,3
2019-07-06 05:30:00,4,4,,4,5
2019-07-06 06:00:00,10,10,,5,9
2019-07-06 06:30:00,6,6,,7,15
2019-07-06 07:00:00,22,22,,11,29
2019-07-06 07:30:00,36,35,,13,40
2019-07-06 08:00:00,60,60,,23,85
2019-07-06 08:30:00,85,85,,31,123
2019-07-06 09:00:00,147,147,,41,183
2019-07-06 09:30:00,182,119,,44,195
2019-07-06 10:00:00,166,133,,41,180
2019-07-06 10:30:00,186,115,,45,200
2019-07-06 11:00:00,213,35,,47,205
2019-07-06 11:30:00,163,141,,48,215
2019-07-06 12:00:00,193,132,,44,196
2019-07-06 12:30:00,177,94,,43,187
2019-07-06 13:00:00,177,164,,43,185
2019-07-06 13:30:00,180,140,,40,174
2019-07-06 14:00:00,167,167,,40,171
2019-07-06 14:30:00,162,162,,39,167
2019-07-06 15:00:00,160,160,,39,170
2019-07-06 15:30:00,142,142,,40,176
2019-07-06 16:00:00,129,129,,39,166
2019-07-06 16:30:00,147,147,,33,141
2019-07-06 17:00:00,106,106,,35,148
2019-07-06 17:30:00,93,93,,32,132
2019-07-06 18:00:00,92,92,,32,131
2019-07-06 18:30:00,105,105,,27,107
2019-07-06 19:00:00,60,60,,23,88
2019-07-06 19:30:00,53,53,,20,74
2019-07-06 20:00:00,52,52,,21,79
2019-07-06 20:30:00,51,51,,24,95
2019-07-06 21:00:00,67,67,,23,86
2019-07-06 21:30:00,40,40,,20,70
2019-07-06 22:00:00,39,39,,20,70
2019-07-06 22:30:00,32,32,,17,63
2019-07-06 23:00:00,22,22,,12,33
2019-07-06 23:30:00,21,19,,8,19
2019-07-07 00:00:00,29,20,,11,29
2019-07-07 00:30:00,22,21,,7,15
2019-07-07 01:00:00,19,19,,7,14
2019-07-07 01:30:00,8,8,,5,10
2019-07-07 02:00:00,6,6,,5,7
2019-07-07 02:30:00,3,3,,4,4
2019-07-07 03:00:00,7,7,,4,3
2019-07-07 03:30:00,4,4,,4,3
2019-07-07 04:00:00,1,1,,3,2
2019-07-07 04:30:00,1,1,,4,3
2019-07-07 05:00:00,1,1,,3,2
2019-07-07 05:30:00,6,6,,4,4
2019-07-07 06:00:00,9,9,,5,9
2019-07-07 06:30:00,16,16,,7,14
2019-07-07 07:00:00,14,14,,9,22
2019-07-07 07:30:00,25,25,,12,35
2019-07-07 08:00:00,50,50,,16,55
2019-07-07 08:30:00,60,60,,24,91
2019-07-07 09:00:00,92,92,,31,125
2019-07-07 09:30:00,95,95,,31,127
2019-07-07 10:00:00,107,107,,32,135
2019-07-07 10:30:00,94,94,,32,133
2019-07-07 11:00:00,115,115,,32,134
2019-07-07 11:30:00,122,122,,31,125
2019-07-07 12:00:00,153,153,,35,143
2019-07-07 12:30:00,110,110,,32,132
2019-07-07 13:00:00,112,112,,31,124
2019-07-07 13:30:00,103,103,,31,123
2019-07-07 14:00:00,97,97,,29,122
2019-07-07 14:30:00,109,109,,29,117
2019-07-07 15:00:00,110,110,,31,123
2019-07-07 15:30:00,110,110,,28,112
2019-07-07 16:00:00,97,97,,27,107
2019-07-07 16:30:00,80,80,,25,102
2019-07-07 17:00:00,86,86,,25,99
2019-07-07 17:30:00,103,103,,24,94
2019-07-07 18:00:00,89,89,,24,94
2019-07-07 18:30:00,71,71,,24,89
2019-07-07 19:00:00,73,73,,19,67
2019-07-07 19:30:00,75,75,,21,76
2019-07-07 20:00:00,67,67,,20,70
2019-07-07 20:30:00,69,69,,19,68
2019-07-07 21:00:00,65,65,,20,72
2019-07-07 21:30:00,67,67,,17,61
2019-07-07 22:00:00,50,50,,16,51
2019-07-07 22:30:00,45,45,,13,41
2019-07-07 23:00:00,43,43,,12,34
2019-07-07 23:30:00,32,32,,9,23
2019-07-08 00:00:00,26,26,,9,23
2019-07-08 00:30:00,10,10,,7,16
2019-07-08 01:00:00,20,20,,7,12
2019-07-08 01:30:00,2,2,,5,9
2019-07-08 02:00:00,3,3,,4,6
2019-07-08 02:30:00,6,6,,4,5
2019-07-08 03:00:00,4,4,,3,2
2019-07-08 03:30:00,2,2,,4,3
2019-07-08 04:00:00,2,2,,4,3
2019-07-08 04:30:00,0,0,,4,3
2019-07-08 05:00:00,2,2,,4,4
2019-07-08 05:30:00,7,7,,4,5
2019-07-08 06:00:00,8,8,,5,10
2019-07-08 06:30:00,13,13,,8,20
2019-07-08 07:00:00,19,19,,11,29
2019-07-08 07:30:00,26,26,,15,47
2019-07-08 08:00:00,69,69,,25,98
2019-07-08 08:30:00,131,127,,39,167
2019-07-08 09:00:00,203,182,,52,238
2019-07-08 09:30:00,239,204,,57,266
2019-07-08 10:00:00,239,70,,60,277
2019-07-08 10:30:00,258,67,,64,301
2019-07-08 11:00:00,270,104,,60,280
2019-07-08 11:30:00,234,161,,59,269
2019-07-08 12:00:00,228,209,,55,254
2019-07-08 12:30:00,226,222,,55,248
2019-07-08 13:00:00,232,230,,56,255
2019-07-08 13:30:00,300,165,,57,264
2019-07-08 14:00:00,276,270,,55,250
2019-07-08 14:30:00,254,254,,55,250
2019-07-08 15:00:00,233,233,,53,241
2019-07-08 15:30:00,201,201,,51,232
2019-07-08 16:00:00,229,229,,49,222
2019-07-08 16:30:00,197,197,,47,211
2019-07-08 17:00:00,166,166,,44,192
2019-07-08 17:30:00,171,171,,39,169
2019-07-08 18:00:00,137,137,,37,160
2019-07-08 18:30:00,122,122,,37,157
2019-07-08 19:00:00,121,114,,31,126
2019-07-08 19:30:00,101,101,,29,120
2019-07-08 20:00:00,89,89,,28,111
2019-07-08 20:30:00,90,90,,25,102
2019-07-08 21:00:00,88,88,,25,97
2019-07-08 21:30:00,78,78,,21,82
2019-07-08 22:00:00,33,33,,19,66
2019-07-08 22:30:00,41,41,,15,48
2019-07-08 23:00:00,25,21,,12,35
2019-07-08 23:30:00,26,17,,9,26
2019-07-09 00:00:00,18,18,,9,23
2019-07-09 00:30:00,5,5,,7,16
2019-07-09 01:00:00,6,6,,7,12
2019-07-09 01:30:00,7,7,,5,9
2019-07-09 02:00:00,3,3,,4,6
2019-07-09 02:30:00,1,1,,4,5
2019-07-09 03:00:00,3,3,,3,2
2019-07-09 03:30:00,1,1,,4,3
2019-07-09 04:00:00,5,5,,4,3
2019-07-09 04:30:00,1,1,,4,3
2019-07-09 05:00:00,4,4,,4,4
2019-07-09 05:30:00,3,3,,4,5
2019-07-09 06:00:00,4,4,,5,10
2019-07-09 06:30:00,15,15,,8,20
2019-07-09 07:00:00,20,20,,11,29
2019-07-09 07:30:00,27,27,,15,47
2019-07-09 08:00:00,96,95,,25,98
2019-07-09 08:30:00,135,135,,39,167
2019-07-09 09:00:00,192,172,,52,238
2019-07-09 09:30:00,232,140,,57,266
2019-07-09 10:00:00,222,210,,60,277
2019-07-09 10:30:00,255,98,,64,301
2019-07-09 11:00:00,242,184,,60,280
2019-07-09 11:30:00,213,213,,59,269
2019-07-09 12:00:00,221,221,,55,254
2019-07-09 12:30:00,216,205,,55,248
2019-07-09 13:00:00,318,63,,56,255
2019-07-09 13:30:00,282,90,,57,264
2019-07-09 14:00:00,273,215,,55,250
2019-07-09 14:30:00,250,250,,55,250
2019-07-09 15:00:00,275,275,,53,241
2019-07-09 15:30:00,237,237,,51,232
2019-07-09 16:00:00,244,244,,49,222
2019-07-09 16:30:00,223,223,,47,211
2019-07-09 17:00:00,197,197,,44,192
2019-07-09 17:30:00,190,190,,39,169
2019-07-09 18:00:00,164,107,,37,160
2019-07-09 18:30:00,119,119,,37,157
2019-07-09 19:00:00,123,120,,31,126
2019-07-09 19:30:00,95,95,,29,120
2019-07-09 20:00:00,113,113,,28,111
2019-07-09 20:30:00,98,96,,25,102
2019-07-09 21:00:00,77,77,,25,97
2019-07-09 21:30:00,55,55,,21,82
2019-07-09 22:00:00,58,58,,19,66
2019-07-09 22:30:00,44,44,,15,48
2019-07-09 23:00:00,23,22,,12,35
2019-07-09 23:30:00,20,20,,9,26
2019-07-10 00:00:00,28,27,,9,23
2019-07-10 00:30:00,27,23,,7,16
2019-07-10 01:00:00,12,12,,7,12
2019-07-10 01:30:00,7,7,,5,9
2019-07-10 02:00:00,5,5,,4,6
2019-07-10 02:30:00,6,6,,4,5
2019-07-10 03:00:00,6,6,,3,2
2019-07-10 03:30:00,2,2,,4,3
2019-07-10 04:00:00,2,2,,4,3
2019-07-10 04:30:00,1,1,,4,3
2019-07-10 05:00:00,5,5,,4,4
2019-07-10 05:30:00,4,4,,4,5
2019-07-10 06:00:00,6,6,,5,10
2019-07-10 06:30:00,8,8,,8,20
2019-07-10 07:00:00,36,36,,11,29
2019-07-10 07:30:00,48,39,,15,47
2019-07-10 08:00:00,104,104,,25,98
2019-07-10 08:30:00,149,128,,39,167
2019-07-10 09:00:00,207,201,,52,238
2019-07-10 09:30:00,253,98,,57,266
2019-07-10 10:00:00,252,116,,60,277
2019-07-10 10:30:00,275,5,,64,301
2019-07-10 11:00:00,266,74,,60,280
2019-07-10 11:30:00,277,16,,59,269
2019-07-10 12:00:00,253,203,,55,254
2019-07-10 12:30:00,231,103,,55,248
2019-07-10 13:00:00,230,229,,56,255
2019-07-10 13:30:00,233,233,,57,264
2019-07-10 14:00:00,231,231,,55,250
2019-07-10 14:30:00,272,261,,55,250
2019-07-10 15:00:00,244,244,,53,241
2019-07-10 15:30:00,222,222,,51,232
2019-07-10 16:00:00,242,242,,49,222
2019-07-10 16:30:00,182,182,,47,211
2019-07-10 17:00:00,194,192,,44,192
2019-07-10 17:30:00,193,169,,39,169
2019-07-10 18:00:00,169,88,,37,160
2019-07-10 18:30:00,123,123,,37,157
2019-07-10 19:00:00,102,102,,31,126
2019-07-10 19:30:00,112,111,,29,120
2019-07-10 20:00:00,106,99,,28,111
2019-07-10 20:30:00,88,88,,25,102
2019-07-10 21:00:00,81,81,,25,97
2019-07-10 21:30:00,62,62,,21,82
2019-07-10 22:00:00,55,55,,19,66
2019-07-10 22:30:00,43,43,,15,48
2019-07-10 23:00:00,32,31,,12,35
2019-07-10 23:30:00,22,13,,9,26
2019-07-11 00:00:00,18,18,,9,23
2019-07-11 00:30:00,16,16,,7,16
2019-07-11 01:00:00,17,17,,7,12
2019-07-11 01:30:00,9,9,,5,9
2019-07-11 02:00:00,1,1,,4,6
2019-07-11 02:30:00,2,2,,4,5
2019-07-11 03:00:00,3,3,,3,2
2019-07-11 03:30:00,1,1,,4,3
2019-07-11 04:00:00,3,3,,4,3
2019-07-11 04:30:00,3,3,,4,3
2019-07-11 05:00:00,2,2,,4,4
2019-07-11 05:30:00,4,4,,4,5
2019-07-11 06:00:00,7,7,,5,10
2019-07-11 06:30:00,22,22,,8,20
2019-07-11 07:00:00,30,30,,11,29
2019-07-11 07:30:00,39,39,,15,47
2019-07-11 08:00:00,80,80,,25,98
2019-07-11 08:30:00,120,120,,39,167
2019-07-11 09:00:00,206,206,,52,238
2019-07-11 09:30:00,250,249,,57,266
2019-07-11 10:00:00,239,239,,60,277
2019-07-11 10:30:00,240,227,,64,301
2019-07-11 11:00:00,257,211,,60,280
2019-07-11 11:30:00,260,125,,59,269
2019-07-11 12:00:00,235,226,,55,254
2019-07-11 12:30:00,204,184,,55,248
2019-07-11 13:00:00,235,235,,56,255
2019-07-11 13:30:00,222,222,,57,264
2019-07-11 14:00:00,249,249,,55,250
2019-07-11 14:30:00,212,212,,55,250
2019-07-11 15:00:00,237,237,,53,241
2019-07-11 15:30:00,212,212,,51,232
2019-07-11 16:00:00,184,184,,49,222
2019-07-11 16:30:00,199,199,,47,211
2019-07-11 17:00:00,159,159,,44,192
2019-07-11 17:30:00,159,159,,39,169
2019-07-11 18:00:00,141,141,,37,160
2019-07-11 18:30:00,120,120,,37,157
2019-07-11 19:00:00,122,115,,31,126
2019-07-11 19:30:00,98,91,,29,120
2019-07-11 20:00:00,114,84,,28,111
2019-07-11 20:30:00,97,85,,25,102
2019-07-11 21:00:00,74,74,,25,97
2019-07-11 21:30:00,59,59,,21,82
2019-07-11 22:00:00,54,54,,19,66
2019-07-11 22:30:00,37,37,,15,48
2019-07-11 23:00:00,41,8,,12,35
2019-07-11 23:30:00,20,12,,9,26
2019-07-12 00:00:00,21,18,6.072818333333333,9,23
2019-07-12 00:30:00,16,16,6.511957777777778,7,16
2019-07-12 01:00:00,13,12,6.15992,7,12
2019-07-12 01:30:00,8,8,4.248625555555556,5,9
2019-07-12 02:00:00,8,8,4.050565000000001,4,6
2019-07-12 02:30:00,6,6,3.8981833333333338,4,5
2019-07-12 03:00:00,3,3,3.8896472222222225,3,2
2019-07-12 03:30:00,0,0,3.8743299999999996,4,3
2019-07-12 04:00:00,1,1,4.011901111111111,4,3
2019-07-12 04:30:00,0,0,5.969354444444445,4,3
2019-07-12 05:00:00,2,2,6.0,4,4
2019-07-12 05:30:00,8,8,6.0,4,5
2019-07-12 06:00:00,11,11,5.803969444444444,5,10
2019-07-12 06:30:00,15,15,11.022502121570339,8,20
2019-07-12 07:00:00,36,36,16.458989724954243,11,29
2019-07-12 07:30:00,47,45,22.926311041276694,15,47
2019-07-12 08:00:00,107,107,31.68900074805536,25,98
2019-07-12 08:30:00,137,135,38.966506417041025,39,167
2019-07-12 09:00:00,190,190,46.059956555555274,52,238
2019-07-12 09:30:00,238,224,47.92933393393126,57,266
2019-07-12 10:00:00,212,161,48.67668398500136,60,277
2019-07-12 10:30:00,211,184,46.344408871124756,64,301
2019-07-12 11:00:00,237,83,45.84912,60,280
2019-07-12 11:30:00,232,103,51.85064353523473,59,269
2019-07-12 12:00:00,197,197,52.14125277777777,55,254
2019-07-12 12:30:00,203,203,51.0825119482789,55,248
2019-07-12 13:00:00,199,199,50.22072444444444,56,255
2019-07-12 13:30:00,213,213,64.04114892101823,57,264
2019-07-12 14:00:00,193,193,65.22081294347925,55,250
2019-07-12 14:30:00,197,197,64.13091666666665,55,250
2019-07-12 15:00:00,211,211,72.16647889122775,53,241
2019-07-12 15:30:00,179,179,72.37669555555556,51,232
2019-07-12 16:00:00,212,212,70.33691637219417,49,222
2019-07-12 16:30:00,164,164,63.08779888888888,47,211
2019-07-12 17:00:00,187,183,56.593063755923154,44,192
2019-07-12 17:30:00,152,152,45.35970888888889,39,169
2019-07-12 18:00:00,127,121,45.56557943099667,37,160
2019-07-12 18:30:00,108,108,33.60652999999999,37,157
2019-07-12 19:00:00,88,88,41.186897397180005,31,126
2019-07-12 19:30:00,93,93,31.2043830920473,29,120
2019-07-12 20:00:00,75,75,31.553268888888887,28,111
2019-07-12 20:30:00,66,66,30.61182611111111,25,102
2019-07-12 21:00:00,65,65,28.782505900372414,25,97
2019-07-12 21:30:00,62,62,24.854273333333335,21,82
2019-07-12 22:00:00,45,45,29.402703318813312,19,66
2019-07-12 22:30:00,46,46,28.013606111111113,15,48
2019-07-12 23:00:00,32,25,25.8264410729523,12,35
2019-07-12 23:30:00,26,4,7.380647978201857,9,26
2019-07-13 00:00:00,28,16,6.621943333333333,9,26
2019-07-13 00:30:00,9,9,6.777234444444444,8,21
2019-07-13 01:00:00,8,8,6.488949999999999,9,22
2019-07-13 01:30:00,7,7,5.048181666666666,7,16
2019-07-13 02:00:00,7,7,4.720925555555556,7,13
2019-07-13 02:30:00,2,2,4.936016111111112,4,6
2019-07-13 03:00:00,2,2,5.058012777777778,4,3
2019-07-13 03:30:00,1,1,3.8651822222222223,4,3
2019-07-13 04:00:00,1,1,3.921743888888889,4,4
2019-07-13 04:30:00,7,7,6.792225,3,2
2019-07-13 05:00:00,7,7,6.376493333333333,4,3
2019-07-13 05:30:00,0,0,6.767302222222222,4,5
2019-07-13 06:00:00,5,5,6.678406666666667,5,9
2019-07-13 06:30:00,11,11,10.853919196996909,7,15
2019-07-13 07:00:00,12,12,16.63439622182745,11,29
2019-07-13 07:30:00,33,33,22.756655685760755,13,40
2019-07-13 08:00:00,69,69,25.41031166666666,23,85
2019-07-13 08:30:00,98,98,33.02194692114097,31,123
2019-07-13 09:00:00,137,137,36.152984272720076,41,183
2019-07-13 09:30:00,150,150,37.61255052873267,44,195
2019-07-13 10:00:00,168,156,37.042434444444446,41,180
2019-07-13 10:30:00,171,136,36.91820404408724,45,200
2019-07-13 11:00:00,165,130,36.3492,47,205
2019-07-13 11:30:00,158,158,38.942655573296,48,215
2019-07-13 12:00:00,140,115,35.468386111111116,44,196
2019-07-13 12:30:00,145,145,40.428264233032586,43,187
2019-07-13 13:00:00,146,146,42.56786111111111,43,185
2019-07-13 13:30:00,132,132,46.921766514031255,40,174
2019-07-13 14:00:00,126,126,51.57004334303758,40,171
2019-07-13 14:30:00,133,133,50.2719811111111,39,167
2019-07-13 15:00:00,141,141,60.95690222222221,39,170
2019-07-13 15:30:00,146,146,61.96980111111111,40,176
2019-07-13 16:00:00,136,136,58.89801275867789,39,166
2019-07-13 16:30:00,109,109,49.59357500000001,33,141
2019-07-13 17:00:00,128,126,43.324217798017884,35,148
2019-07-13 17:30:00,92,92,30.11433666666667,32,132
2019-07-13 18:00:00,97,91,36.26219517477966,32,131
2019-07-13 18:30:00,64,61,25.61306833333333,27,107
2019-07-13 19:00:00,58,58,25.44133344666216,23,88
2019-07-13 19:30:00,50,50,25.264550555555555,20,74
2019-07-13 20:00:00,47,47,26.98988390571455,21,79
2019-07-13 20:30:00,54,54,25.57950111111111,24,95
2019-07-13 21:00:00,44,44,25.529926667475586,23,86
2019-07-13 21:30:00,52,52,22.845227222222224,20,70
2019-07-13 22:00:00,36,36,26.53577771014877,20,70
2019-07-13 22:30:00,28,28,24.999226111111113,17,63
2019-07-13 23:00:00,34,25,25.434855284920136,12,33
2019-07-13 23:30:00,21,20,5.6907033333333334,8,19
2019-07-14 00:00:00,38,7,5.922552777777778,11,29
2019-07-14 00:30:00,14,11,5.699247777777778,7,15
2019-07-14 01:00:00,5,5,5.970700555555556,7,14
2019-07-14 01:30:00,2,2,3.9349333333333334,5,10
2019-07-14 02:00:00,7,7,4.185138333333334,5,7
2019-07-14 02:30:00,5,5,3.8023805555555557,4,4
2019-07-14 03:00:00,2,2,3.8912205555555555,4,3
2019-07-14 03:30:00,4,4,3.9532633333333336,4,3
2019-07-14 04:00:00,1,1,4.086356666666667,3,2
2019-07-14 04:30:00,1,1,5.987648888888889,4,3
2019-07-14 05:00:00,2,2,5.7174483333333335,3,2
2019-07-14 05:30:00,1,1,5.741530555555555,4,4
2019-07-14 06:00:00,6,6,6.0,5,9
2019-07-14 06:30:00,10,9,9.664706081314348,7,14
2019-07-14 07:00:00,12,12,15.87396,9,22
2019-07-14 07:30:00,34,34,20.026807092869603,12,35
2019-07-14 08:00:00,45,45,22.91669111111111,16,55
2019-07-14 08:30:00,59,59,26.74333877822941,24,91
2019-07-14 09:00:00,89,89,31.333846552492126,31,125
2019-07-14 09:30:00,82,82,31.553209355386837,31,127
2019-07-14 10:00:00,72,72,27.801593333333326,32,135
2019-07-14 10:30:00,104,104,28.043114925089146,32,133
2019-07-14 11:00:00,104,104,30.04615388888888,32,134
2019-07-14 11:30:00,110,110,32.52541268268948,31,125
2019-07-14 12:00:00,100,100,33.35149747493961,35,143
2019-07-14 12:30:00,77,77,35.78053483859606,32,132
2019-07-14 13:00:00,88,88,36.907331666666664,31,124
2019-07-14 13:30:00,104,104,41.914804284000624,31,123
2019-07-14 14:00:00,80,80,47.85735051454052,29,122
2019-07-14 14:30:00,86,86,46.29301666666666,29,117
2019-07-14 15:00:00,92,92,50.87076777777777,31,123
2019-07-14 15:30:00,78,78,49.789050555555555,28,112
2019-07-14 16:00:00,70,70,52.20765864663521,27,107
2019-07-14 16:30:00,67,67,44.452914444444446,25,102
2019-07-14 17:00:00,69,69,38.19716342185465,25,99
2019-07-14 17:30:00,68,68,32.99718166666666,24,94
2019-07-14 18:00:00,62,62,34.327197572493645,24,94
2019-07-14 18:30:00,56,56,23.62510888888889,24,89
2019-07-14 19:00:00,50,50,20.745009395634714,19,67
2019-07-14 19:30:00,35,35,17.911272222222223,21,76
2019-07-14 20:00:00,40,40,21.937380520852923,20,70
2019-07-14 20:30:00,45,45,21.78633111111111,19,68
2019-07-14 21:00:00,49,49,22.933941428914775,20,72
2019-07-14 21:30:00,38,38,19.795182222222223,17,61
2019-07-14 22:00:00,50,50,23.676455159282998,16,51
2019-07-14 22:30:00,18,18,26.033997222222222,13,41
2019-07-14 23:00:00,12,12,26.275128989269888,12,34
2019-07-14 23:30:00,17,17,8.680283333333334,9,23
2019-07-15 00:00:00,32,30,9.791380555555556,9,23
2019-07-15 00:30:00,20,20,9.971601111111111,7,16
2019-07-15 01:00:00,8,8,9.280119444444445,7,12
2019-07-15 01:30:00,5,5,7.1184899999999995,5,9
2019-07-15 02:00:00,2,2,6.966405,4,6
2019-07-15 02:30:00,2,2,6.969589444444444,4,5
2019-07-15 03:00:00,6,6,7.328676111111111,3,2
2019-07-15 03:30:00,0,0,6.873938888888889,4,3
2019-07-15 04:00:00,1,1,6.107580555555556,4,3
2019-07-15 04:30:00,3,3,9.526642222222222,4,3
2019-07-15 05:00:00,2,2,9.975232222222221,4,4
2019-07-15 05:30:00,3,3,9.59603111111111,4,5
2019-07-15 06:00:00,17,17,9.49931611111111,5,10
2019-07-15 06:30:00,18,18,15.948055490641515,8,20
2019-07-15 07:00:00,19,19,21.43101229420245,11,29
2019-07-15 07:30:00,33,33,28.30029826806317,15,47
2019-07-15 08:00:00,83,83,32.00140833333333,25,98
2019-07-15 08:30:00,121,121,40.089028374863595,39,167
2019-07-15 09:00:00,155,155,49.54911921852837,52,238
2019-07-15 09:30:00,185,185,52.02746679752612,57,266
2019-07-15 10:00:00,193,193,51.526410775238766,60,277
2019-07-15 10:30:00,228,158,49.819169281500024,64,301
2019-07-15 11:00:00,217,200,48.112819733647235,60,280
2019-07-15 11:30:00,186,186,54.7465745060075,59,269
2019-07-15 12:00:00,191,191,54.036953888888895,55,254
2019-07-15 12:30:00,199,199,57.39819626207205,55,248
2019-07-15 13:00:00,222,222,53.548118888888894,56,255
2019-07-15 13:30:00,204,204,61.028077690383135,57,264
2019-07-15 14:00:00,214,214,65.9452333207896,55,250
2019-07-15 14:30:00,184,184,67.88203166666668,55,250
2019-07-15 15:00:00,211,211,78.85935944444442,53,241
2019-07-15 15:30:00,175,175,76.85803055555557,51,232
2019-07-15 16:00:00,190,190,72.26075427350428,49,222
2019-07-15 16:30:00,197,197,65.37530005513574,47,211
2019-07-15 17:00:00,186,186,60.09006123156135,44,192
2019-07-15 17:30:00,150,150,51.83072166666666,39,169
2019-07-15 18:00:00,121,117,51.925824636932475,37,160
2019-07-15 18:30:00,111,111,35.57406555555556,37,157
2019-07-15 19:00:00,92,92,43.62798119076617,31,126
2019-07-15 19:30:00,81,81,30.88567923821654,29,120
2019-07-15 20:00:00,59,59,30.76857139734076,28,111
2019-07-15 20:30:00,76,76,27.429542777777776,25,102
2019-07-15 21:00:00,67,67,28.371572113988673,25,97
2019-07-15 21:30:00,63,63,24.352021111111114,21,82
2019-07-15 22:00:00,40,40,29.51211286952269,19,66
2019-07-15 22:30:00,29,29,29.196441503600862,15,48
2019-07-15 23:00:00,29,27,29.157743892978893,12,35
2019-07-15 23:30:00,19,17,10.455062222222223,9,26
2019-07-16 00:00:00,22,22,10.885813333333333,11,29
2019-07-16 00:30:00,16,16,10.516020000000001,7,15
2019-07-16 01:00:00,7,7,10.112643104807038,7,14
2019-07-16 01:30:00,2,2,9.621809444444445,5,10
2019-07-16 02:00:00,1,1,7.065069444444444,5,7
2019-07-16 02:30:00,4,4,6.622346111111112,4,4
2019-07-16 03:00:00,2,2,8.23190111111111,4,3
2019-07-16 03:30:00,0,0,7.580848333333333,4,3
2019-07-16 04:00:00,1,1,7.867415555555556,3,2
2019-07-16 04:30:00,0,0,10.483566111111111,4,3
2019-07-16 05:00:00,0,0,10.995753888888888,3,2
2019-07-16 05:30:00,1,1,10.456937222222223,4,4
2019-07-16 06:00:00,9,9,10.315595555555555,5,9
2019-07-16 06:30:00,9,9,15.578107737813054,7,14
2019-07-16 07:00:00,25,25,19.874880101772867,9,22
2019-07-16 07:30:00,17,17,29.170084646126746,12,35
2019-07-16 08:00:00,56,56,26.438575555555555,16,55
2019-07-16 08:30:00,72,72,39.77389617593859,24,91
2019-07-16 09:00:00,118,118,45.82637275361842,31,125
2019-07-16 09:30:00,133,133,45.576333678950036,31,127
2019-07-16 10:00:00,126,126,43.4944032517855,32,135
2019-07-16 10:30:00,123,123,44.67758639966536,32,133
2019-07-16 11:00:00,121,121,44.62616368156211,32,134
2019-07-16 11:30:00,124,124,48.71422616307855,31,125
2019-07-16 12:00:00,132,132,46.150300555555546,35,143
2019-07-16 12:30:00,98,98,46.681077714871,32,132
2019-07-16 13:00:00,116,116,46.89766833333333,31,124
2019-07-16 13:30:00,113,113,56.04434851373427,31,123
2019-07-16 14:00:00,95,95,57.93572944444445,29,122
2019-07-16 14:30:00,100,100,56.283115,29,117
2019-07-16 15:00:00,115,115,67.06899555555556,31,123
2019-07-16 15:30:00,100,100,67.31865777777777,28,112
2019-07-16 16:00:00,83,83,62.24454600258125,27,107
2019-07-16 16:30:00,96,96,57.53852444444444,25,102
2019-07-16 17:00:00,83,83,50.828855885276475,25,99
2019-07-16 17:30:00,93,93,33.43561944444444,24,94
2019-07-16 18:00:00,77,77,34.22253932940033,24,94
2019-07-16 18:30:00,57,57,25.04992388888889,24,89
2019-07-16 19:00:00,58,58,30.046255216253005,19,67
2019-07-16 19:30:00,49,49,27.519196666666666,21,76
2019-07-16 20:00:00,46,46,25.78481722222222,20,70
2019-07-16 20:30:00,33,33,24.99411388888889,19,68
2019-07-16 21:00:00,49,49,23.57879611111111,20,72
2019-07-16 21:30:00,47,47,22.486262777777778,17,61
2019-07-16 22:00:00,39,39,28.1752959117868,16,51
2019-07-16 22:30:00,27,27,25.671595000000003,13,41
2019-07-16 23:00:00,19,19,24.125204602081844,12,34
2019-07-16 23:30:00,24,20,9.253790555555556,9,23
2019-07-17 00:00:00,18,18,9.0,9,23
2019-07-17 00:30:00,9,9,8.678197777777779,7,16
2019-07-17 01:00:00,10,10,8.98860611111111,7,12
2019-07-17 01:30:00,5,5,5.582875,5,9
2019-07-17 02:00:00,7,7,5.873057222222222,4,6
2019-07-17 02:30:00,2,2,5.491432777777778,4,5
2019-07-17 03:00:00,1,1,6.000876666666667,3,2
2019-07-17 03:30:00,0,0,6.0065638888888895,4,3
2019-07-17 04:00:00,0,0,5.744541666666667,4,3
2019-07-17 04:30:00,1,1,8.955397777777778,4,3
2019-07-17 05:00:00,1,1,8.933835,4,4
2019-07-17 05:30:00,1,1,7.992821111111111,4,5
2019-07-17 06:00:00,5,5,8.308166299552262,5,10
2019-07-17 06:30:00,13,13,15.344446835929945,8,20
2019-07-17 07:00:00,19,19,21.5432701674082,11,29
2019-07-17 07:30:00,39,39,35.941250978529965,15,47
2019-07-17 08:00:00,71,71,33.91128291812103,25,98
2019-07-17 08:30:00,124,124,43.63680266718158,39,167
2019-07-17 09:00:00,172,172,51.859970524829876,52,238
2019-07-17 09:30:00,184,184,52.83889665790836,57,266
2019-07-17 10:00:00,197,197,50.03500411407843,60,277
2019-07-17 10:30:00,168,168,50.69622689631524,64,301
2019-07-17 11:00:00,211,205,49.89501702196695,60,280
2019-07-17 11:30:00,190,190,53.500303035196374,59,269
2019-07-17 12:00:00,205,205,51.21797055555556,55,254
2019-07-17 12:30:00,203,203,50.33203162994859,55,248
2019-07-17 13:00:00,178,178,54.432867222222235,56,255
2019-07-17 13:30:00,220,219,66.48692882874417,57,264
2019-07-17 14:00:00,182,182,64.01543573602704,55,250
2019-07-17 14:30:00,203,203,62.94217722222221,55,250
2019-07-17 15:00:00,217,217,74.79762055555554,53,241
2019-07-17 15:30:00,175,175,72.405555,51,232
2019-07-17 16:00:00,196,196,70.94288611111111,49,222
2019-07-17 16:30:00,170,170,59.04543388888889,47,211
2019-07-17 17:00:00,156,156,56.6125614848713,44,192
2019-07-17 17:30:00,136,136,51.13098055555555,39,169
2019-07-17 18:00:00,100,100,53.2314662663448,37,160
2019-07-17 18:30:00,111,111,30.101354963689097,37,157
2019-07-17 19:00:00,96,96,34.274639331769144,31,126
2019-07-17 19:30:00,94,94,26.982649870523222,29,120
2019-07-17 20:00:00,90,85,25.99986555555556,28,111
2019-07-17 20:30:00,86,85,23.70171444444444,25,102
2019-07-17 21:00:00,81,70,26.109036356338784,25,97
2019-07-17 21:30:00,57,57,22.588966881790057,21,82
2019-07-17 22:00:00,61,59,25.091163818967186,19,66
2019-07-17 22:30:00,31,31,23.34350277777778,15,48
2019-07-17 23:00:00,32,29,23.50766033626021,12,35
2019-07-17 23:30:00,24,24,8.179368888888888,9,26
2019-07-18 00:00:00,29,23,7.9520744444444444,9,23
2019-07-18 00:30:00,21,21,7.903543888888889,7,16
2019-07-18 01:00:00,5,5,8.0,7,12
2019-07-18 01:30:00,9,9,6.015336666666666,5,9
2019-07-18 02:00:00,1,1,5.771268888888889,4,6
2019-07-18 02:30:00,4,4,4.880451111111111,4,5
2019-07-18 03:00:00,2,2,5.036136666666667,3,2
2019-07-18 03:30:00,2,2,4.670428888888889,4,3
2019-07-18 04:00:00,1,1,5.269368333333333,4,3
2019-07-18 04:30:00,2,2,7.507643888888889,4,3
2019-07-18 05:00:00,4,4,7.256122777777779,4,4
2019-07-18 05:30:00,3,3,7.869808333333333,4,5
2019-07-18 06:00:00,6,6,7.748027222222222,5,10
2019-07-18 06:30:00,23,23,13.877807934836984,8,20
2019-07-18 07:00:00,28,28,20.033121779302903,11,29
2019-07-18 07:30:00,53,53,25.860533895656577,15,47
2019-07-18 08:00:00,93,93,30.247604560114915,25,98
2019-07-18 08:30:00,163,153,40.5674643913107,39,167
2019-07-18 09:00:00,193,192,48.48567557054655,52,238
2019-07-18 09:30:00,247,244,51.292534960065815,57,266
2019-07-18 10:00:00,244,221,49.11749777777778,60,277
2019-07-18 10:30:00,269,177,51.103062790308,64,301
2019-07-18 11:00:00,292,19,52.884021666666655,60,280
2019-07-18 11:30:00,249,121,51.73833959578848,59,269
2019-07-18 12:00:00,242,124,50.34858833189726,55,254
2019-07-18 12:30:00,217,217,51.180159115234524,55,248
2019-07-18 13:00:00,239,238,52.904654444444446,56,255
2019-07-18 13:30:00,249,248,61.73883401789084,57,264
2019-07-18 14:00:00,229,229,64.95631,55,250
2019-07-18 14:30:00,202,202,64.89565888888887,55,250
2019-07-18 15:00:00,194,194,60.242352777777754,53,241
2019-07-18 15:30:00,207,207,62.22186666666666,51,232
2019-07-18 16:00:00,179,179,70.92616220894686,49,222
2019-07-18 16:30:00,193,193,57.75721722222222,47,211
2019-07-18 17:00:00,182,164,49.00589424042712,44,192
2019-07-18 17:30:00,143,143,41.16090166666667,39,169
2019-07-18 18:00:00,128,127,49.62999243328433,37,160
2019-07-18 18:30:00,103,103,32.71274944444444,37,157
2019-07-18 19:00:00,102,102,34.614371864053254,31,126
2019-07-18 19:30:00,87,87,27.056411666666666,29,120
2019-07-18 20:00:00,91,87,25.568326666666668,28,111
2019-07-18 20:30:00,90,90,27.404050569625163,25,102
2019-07-18 21:00:00,67,63,25.946203888888892,25,97
2019-07-18 21:30:00,61,61,21.721086666666665,21,82
2019-07-18 22:00:00,45,45,21.57444611111111,19,66
2019-07-18 22:30:00,43,43,27.06711555555556,15,48
2019-07-18 23:00:00,21,21,26.413845153493565,12,35
2019-07-18 23:30:00,28,23,7.446760555555556,9,26
2019-07-19 00:00:00,19,19,7.707341111111111,9,23
2019-07-19 00:30:00,12,12,7.3962361111111115,7,16
2019-07-19 01:00:00,8,8,7.994579444444445,7,12
2019-07-19 01:30:00,5,5,6.243118333333333,5,9
2019-07-19 02:00:00,5,5,6.044558888888889,4,6
2019-07-19 02:30:00,2,2,4.6063688888888885,4,5
2019-07-19 03:00:00,2,2,4.414814444444445,3,2
2019-07-19 03:30:00,6,6,4.859561666666667,4,3
2019-07-19 04:00:00,0,0,4.9581,4,3
2019-07-19 04:30:00,3,3,7.413443333333333,4,3
2019-07-19 05:00:00,2,2,7.817173333333333,4,4
2019-07-19 05:30:00,2,2,7.729666111111111,4,5
2019-07-19 06:00:00,8,8,7.877301666666667,5,10
2019-07-19 06:30:00,11,11,14.840324821215479,8,20
2019-07-19 07:00:00,18,18,19.428341192437163,11,29
2019-07-19 07:30:00,36,36,27.65487425287006,15,47
2019-07-19 08:00:00,99,97,30.0228157135498,25,98
2019-07-19 08:30:00,147,146,35.74023653166992,39,167
2019-07-19 09:00:00,186,186,44.943557418841344,52,238
2019-07-19 09:30:00,222,195,47.88348797043667,57,266
2019-07-19 10:00:00,232,42,45.405710000000006,60,277
2019-07-19 10:30:00,218,101,44.61567360362823,64,301
2019-07-19 11:00:00,247,121,44.221448199993276,60,280
2019-07-19 11:30:00,248,156,47.44992420560214,59,269
2019-07-19 12:00:00,250,219,47.628669731759004,55,254
2019-07-19 12:30:00,199,199,49.9620489218544,55,248
2019-07-19 13:00:00,250,195,51.72023105273779,56,255
2019-07-19 13:30:00,280,187,63.251585302091826,57,264
2019-07-19 14:00:00,247,246,63.30121806603567,55,250
2019-07-19 14:30:00,221,221,63.82682601283201,55,250
2019-07-19 15:00:00,230,230,70.96629277777777,53,241
2019-07-19 15:30:00,210,210,73.14631944444444,51,232
2019-07-19 16:00:00,197,197,66.28826963450676,49,222
2019-07-19 16:30:00,199,199,58.77903888888889,47,211
2019-07-19 17:00:00,165,165,53.61187149269019,44,192
2019-07-19 17:30:00,145,145,45.22953666666666,39,169
2019-07-19 18:00:00,120,116,41.23135202720713,37,160
2019-07-19 18:30:00,117,114,30.072768333333336,37,157
2019-07-19 19:00:00,91,91,38.49711088004268,31,126
2019-07-19 19:30:00,91,91,33.645962777777775,29,120
2019-07-19 20:00:00,98,98,31.565984883073426,28,111
2019-07-19 20:30:00,86,86,27.333908333333337,25,102
2019-07-19 21:00:00,84,84,28.15420555555556,25,97
2019-07-19 21:30:00,52,52,22.160057222222225,21,82
2019-07-19 22:00:00,58,58,28.9459617390558,19,66
2019-07-19 22:30:00,44,44,27.10812055555555,15,48
2019-07-19 23:00:00,25,15,27.58777641224701,12,35
2019-07-19 23:30:00,24,22,6.8395061111111115,9,26
2019-07-20 00:00:00,26,18,6.6143366666666665,9,26
2019-07-20 00:30:00,19,19,6.504502222222222,8,21
2019-07-20 01:00:00,14,14,6.986526111111111,9,22
2019-07-20 01:30:00,8,8,5.332140555555556,7,16
2019-07-20 02:00:00,1,1,5.011678333333333,7,13
2019-07-20 02:30:00,4,4,4.348825,4,6
2019-07-20 03:00:00,2,2,4.77282,4,3
2019-07-20 03:30:00,1,1,4.022717222222222,4,3
2019-07-20 04:00:00,2,2,4.0,4,4
2019-07-20 04:30:00,2,2,6.717725555555555,3,2
2019-07-20 05:00:00,5,5,6.507221111111111,4,3
2019-07-20 05:30:00,2,2,6.11596,4,5
2019-07-20 06:00:00,5,5,7.0,5,9
2019-07-20 06:30:00,17,17,12.455399348892408,7,15
2019-07-20 07:00:00,19,19,16.043791764358502,11,29
2019-07-20 07:30:00,44,43,22.905342424725987,13,40
2019-07-20 08:00:00,72,72,24.98385611111111,23,85
2019-07-20 08:30:00,90,90,30.29619677683388,31,123
2019-07-20 09:00:00,144,143,34.58078277777778,41,183
2019-07-20 09:30:00,162,159,34.551693789887494,44,195
2019-07-20 10:00:00,173,128,37.21065063833982,41,180
2019-07-20 10:30:00,144,140,34.377848775064635,45,200
2019-07-20 11:00:00,187,86,34.40246166666667,47,205
2019-07-20 11:30:00,177,41,39.377361958314324,48,215
2019-07-20 12:00:00,150,150,38.35946875505584,44,196
2019-07-20 12:30:00,167,167,43.887062700418156,43,187
2019-07-20 13:00:00,189,177,40.60274611111111,43,185
2019-07-20 13:30:00,179,172,45.712431851869376,40,174
2019-07-20 14:00:00,149,149,49.78336112494691,40,171
2019-07-20 14:30:00,162,162,47.59381777777779,39,167
2019-07-20 15:00:00,158,158,57.863661111111114,39,170
2019-07-20 15:30:00,153,153,57.74951444444445,40,176
2019-07-20 16:00:00,130,130,54.44004833333333,39,166
2019-07-20 16:30:00,149,149,50.44647937496996,33,141
2019-07-20 17:00:00,113,108,43.183304490893164,35,148
2019-07-20 17:30:00,89,89,30.392145000000003,32,132
2019-07-20 18:00:00,100,97,28.956662206926925,32,131
2019-07-20 18:30:00,61,61,22.683245405745232,27,107
2019-07-20 19:00:00,75,75,31.6025932956169,23,88
2019-07-20 19:30:00,76,76,27.565322122044115,20,74
2019-07-20 20:00:00,78,78,28.137724129466882,21,79
2019-07-20 20:30:00,45,45,22.018370000000004,24,95
2019-07-20 21:00:00,48,48,24.739149351686233,23,86
2019-07-20 21:30:00,44,44,22.591795,20,70
2019-07-20 22:00:00,36,36,29.045046902247083,20,70
2019-07-20 22:30:00,37,37,28.383835555555553,17,63
2019-07-20 23:00:00,18,18,27.238661854434984,12,33
2019-07-20 23:30:00,20,20,8.506608333333334,8,19
2019-07-21 00:00:00,14,14,8.691365555555556,11,29
2019-07-21 00:30:00,13,13,8.933814444444444,7,15
2019-07-21 01:00:00,7,7,9.0,7,14
2019-07-21 01:30:00,7,7,6.044022777777778,5,10
2019-07-21 02:00:00,1,1,5.624335,5,7
2019-07-21 02:30:00,0,0,6.336408333333333,4,4
2019-07-21 03:00:00,2,2,6.1617850122630395,4,3
2019-07-21 03:30:00,3,3,5.932277777777777,4,3
2019-07-21 04:00:00,3,3,6.084052777777777,3,2
2019-07-21 04:30:00,0,0,8.897117777777778,4,3
2019-07-21 05:00:00,0,0,8.780380000000001,3,2
2019-07-21 05:30:00,4,4,8.462533333333333,4,4
2019-07-21 06:00:00,3,3,7.869332222222222,5,9
2019-07-21 06:30:00,6,6,11.740879907891943,7,14
2019-07-21 07:00:00,13,13,16.964881646745404,9,22
2019-07-21 07:30:00,19,19,18.426832394442272,12,35
2019-07-21 08:00:00,37,37,18.82369552872444,16,55
2019-07-21 08:30:00,48,48,19.24160670079988,24,91
2019-07-21 09:00:00,57,57,26.34262491374015,31,125
2019-07-21 09:30:00,66,66,26.166431666666668,31,127
2019-07-21 10:00:00,78,78,25.174157222222224,32,135
2019-07-21 10:30:00,86,82,24.478904999999997,32,133
2019-07-21 11:00:00,101,79,23.493046666666668,32,134
2019-07-21 11:30:00,75,74,26.96152049311903,31,125
2019-07-21 12:00:00,85,85,30.260727777777777,35,143
2019-07-21 12:30:00,99,99,32.26543830372684,32,132
2019-07-21 13:00:00,79,79,29.202452777777776,31,124
2019-07-21 13:30:00,101,101,32.87889517729057,31,123
2019-07-21 14:00:00,84,84,38.092066752828266,29,122
2019-07-21 14:30:00,83,83,37.257754444444444,29,117
2019-07-21 15:00:00,96,96,43.40445611111112,31,123
2019-07-21 15:30:00,88,88,42.21052944444445,28,112
2019-07-21 16:00:00,92,92,40.98204947915488,27,107
2019-07-21 16:30:00,69,69,33.084988333333335,25,102
2019-07-21 17:00:00,75,75,28.612422285670068,25,99
2019-07-21 17:30:00,62,62,22.296837222222223,24,94
2019-07-21 18:00:00,61,61,26.52990770061648,24,94
2019-07-21 18:30:00,66,66,22.79198277777778,24,89
2019-07-21 19:00:00,45,45,25.051151640647518,19,67
2019-07-21 19:30:00,39,39,17.78781222222222,21,76
2019-07-21 20:00:00,62,62,18.198890555555554,20,70
2019-07-21 20:30:00,51,51,18.284937222222226,19,68
2019-07-21 21:00:00,59,58,18.64431372857578,20,72
2019-07-21 21:30:00,42,42,15.831347777777777,17,61
2019-07-21 22:00:00,30,30,20.631344107038778,16,51
2019-07-21 22:30:00,25,25,22.031429444444445,13,41
2019-07-21 23:00:00,26,26,21.34884732412788,12,34
2019-07-21 23:30:00,18,18,7.630166666666667,9,23
